{
    "input1_similarities": 0.8310872316360474,
    "input2_similarities": 0.07127294689416885
}