{
    "input1_similarities": 0.816466212272644,
    "input2_similarities": 0.8218969106674194
}