{
    "input1_similarities": 0.7965164184570312,
    "input2_similarities": 0.7388560771942139
}