{
    "input1_similarities": 0.8701380491256714,
    "input2_similarities": 0.8734345436096191
}