{
    "input1_similarities": 0.7162091732025146,
    "input2_similarities": 0.8077020645141602
}