{
    "input1_similarities": 0.5988477468490601,
    "input2_similarities": 0.911439061164856
}