{
    "input1_similarities": 0.9043633341789246,
    "input2_similarities": 0.8571665287017822
}