{
    "input1_similarities": 0.5330824255943298,
    "input2_similarities": 0.4395465552806854
}