{
    "input1_similarities": 0.4009120762348175,
    "input2_similarities": 0.5073847770690918
}