{
    "input1_similarities": 0.8568733930587769,
    "input2_similarities": 0.9331799745559692
}