{
    "input1_similarities": 0.5707892775535583,
    "input2_similarities": 0.4665316939353943
}