{
    "input1_similarities": 0.8651982545852661,
    "input2_similarities": 0.759674072265625
}