{
    "input1_similarities": 0.6954491138458252,
    "input2_similarities": 0.7974939346313477
}