{
    "input1_similarities": 0.8744995594024658,
    "input2_similarities": 0.8077190518379211
}