{
    "input1_similarities": 0.3870542049407959,
    "input2_similarities": 0.36308395862579346
}