{
    "input1_similarities": 0.9215327501296997,
    "input2_similarities": 0.9259911775588989
}