{
    "input1_similarities": 0.11965394765138626,
    "input2_similarities": 0.1703425645828247
}