{
    "input1_similarities": 0.8802999258041382,
    "input2_similarities": 0.9741265773773193
}