{
    "input1_similarities": 0.22494319081306458,
    "input2_similarities": 0.08234837651252747
}