{
    "input1_similarities": 0.7936192154884338,
    "input2_similarities": 0.7475789785385132
}