{
    "input1_similarities": 0.8068584203720093,
    "input2_similarities": 0.7144083976745605
}