{
    "input1_similarities": 0.66037917137146,
    "input2_similarities": 0.64254230260849
}