{
    "input1_similarities": 0.8904916048049927,
    "input2_similarities": 0.9320469498634338
}