{
    "input1_similarities": 0.9411352872848511,
    "input2_similarities": 0.9465786218643188
}