{
    "input1_similarities": 0.9104530811309814,
    "input2_similarities": 0.9322046637535095
}