{
    "input1_similarities": 0.2982466220855713,
    "input2_similarities": 0.21319632232189178
}