{
    "input1_similarities": 0.8833274841308594,
    "input2_similarities": 0.7666434645652771
}