{
    "input1_similarities": 0.8404291868209839,
    "input2_similarities": 0.9008749723434448
}