{
    "input1_similarities": 0.023518048226833344,
    "input2_similarities": 0.7796304821968079
}