{
    "input1_similarities": 0.7805930376052856,
    "input2_similarities": 0.7263176441192627
}