{
    "input1_similarities": 0.8374032974243164,
    "input2_similarities": 0.900088906288147
}