{
    "input1_similarities": 0.7088529467582703,
    "input2_similarities": 0.6717575788497925
}