{
    "input1_similarities": 0.16468021273612976,
    "input2_similarities": 0.5493717789649963
}