{
    "input1_similarities": 0.5734991431236267,
    "input2_similarities": 0.48211780190467834
}