{
    "input1_similarities": 0.6362065076828003,
    "input2_similarities": 0.5864822864532471
}