{
    "input1_similarities": 0.8441300988197327,
    "input2_similarities": 0.8440191745758057
}