{
    "input1_similarities": 0.7155909538269043,
    "input2_similarities": 0.7988065481185913
}