{
    "input1_similarities": 0.957439661026001,
    "input2_similarities": 0.97492516040802
}