{
    "input1_similarities": 0.410966157913208,
    "input2_similarities": 0.395052433013916
}