{
    "input1_similarities": 0.9058865904808044,
    "input2_similarities": 0.7769547700881958
}