{
    "input1_similarities": 0.644784152507782,
    "input2_similarities": 0.6714191436767578
}