{
    "input1_similarities": 0.847083330154419,
    "input2_similarities": 0.8551865816116333
}