{
    "input1_similarities": 0.9382355213165283,
    "input2_similarities": 0.8954263925552368
}