{
    "input1_similarities": 0.7188692092895508,
    "input2_similarities": 0.5936436057090759
}