{
    "input1_similarities": 0.5340585112571716,
    "input2_similarities": 0.6079548597335815
}