{
    "input1_similarities": 0.897530198097229,
    "input2_similarities": 0.8971271514892578
}