{
    "input1_similarities": 0.6582592725753784,
    "input2_similarities": 0.7216429114341736
}