{
    "input1_similarities": 0.879776120185852,
    "input2_similarities": 0.8784518241882324
}