{
    "input1_similarities": 0.9468538761138916,
    "input2_similarities": 1.0000001192092896
}