{
    "input1_similarities": 0.9373879432678223,
    "input2_similarities": 0.9483366012573242
}