{
    "input1_similarities": 0.8154639005661011,
    "input2_similarities": 0.7327843904495239
}