{
    "input1_similarities": 0.8802239894866943,
    "input2_similarities": 0.8822627067565918
}