{
    "input1_similarities": 0.9170783162117004,
    "input2_similarities": 0.900864839553833
}