{
    "input1_similarities": 0.6556119322776794,
    "input2_similarities": 0.5792614221572876
}