{
    "input1_similarities": 0.6650789976119995,
    "input2_similarities": 1.0000001192092896
}