{
    "input1_similarities": 0.8656324148178101,
    "input2_similarities": 0.763167679309845
}