{
    "input1_similarities": 0.6841676235198975,
    "input2_similarities": 0.8077757954597473
}