{
    "input1_similarities": 0.6157246828079224,
    "input2_similarities": 0.7998218536376953
}