{
    "input1_similarities": 0.8583071231842041,
    "input2_similarities": 0.8664709329605103
}