{
    "input1_similarities": 0.7622787952423096,
    "input2_similarities": 0.8972959518432617
}