{
    "input1_similarities": 0.7907198071479797,
    "input2_similarities": 0.675719678401947
}