{
    "input1_similarities": 0.8167468309402466,
    "input2_similarities": 0.7317076921463013
}