{
    "input1_similarities": 0.4521600604057312,
    "input2_similarities": 0.6421928405761719
}