{
    "input1_similarities": 0.8118022680282593,
    "input2_similarities": 0.7514653205871582
}