{
    "input1_similarities": 0.8587769865989685,
    "input2_similarities": 0.9464871883392334
}