{
    "input1_similarities": 0.552727997303009,
    "input2_similarities": 0.5623100399971008
}