{
    "input1_similarities": 0.9547492265701294,
    "input2_similarities": 0.8586522936820984
}