{
    "input1_similarities": 0.8894755840301514,
    "input2_similarities": 0.9821559190750122
}