{
    "input1_similarities": 0.8516929149627686,
    "input2_similarities": 0.8836908340454102
}