{
    "input1_similarities": 0.9279557466506958,
    "input2_similarities": 0.8855793476104736
}