{
    "input1_similarities": 0.8507980108261108,
    "input2_similarities": 0.7516245245933533
}