{
    "input1_similarities": 0.8201228380203247,
    "input2_similarities": 0.7741885185241699
}