{
    "input1_similarities": 0.9092788696289062,
    "input2_similarities": 0.8925248384475708
}