{
    "input1_similarities": 0.810868501663208,
    "input2_similarities": 0.4928552806377411
}