{
    "input1_similarities": 0.8943431973457336,
    "input2_similarities": 0.9702668190002441
}