{
    "input1_similarities": 0.7013566493988037,
    "input2_similarities": 0.5816268920898438
}