{
    "input1_similarities": 0.7849253416061401,
    "input2_similarities": 0.80293869972229
}