{
    "input1_similarities": 0.8412818312644958,
    "input2_similarities": 0.8843817114830017
}