{
    "input1_similarities": 0.8959980010986328,
    "input2_similarities": 0.8888237476348877
}