{
    "input1_similarities": 0.9152551293373108,
    "input2_similarities": 0.6007660031318665
}