{
    "input1_similarities": 0.7553071975708008,
    "input2_similarities": 0.8109098672866821
}