{
    "input1_similarities": 0.855664074420929,
    "input2_similarities": 0.9247487187385559
}