{
    "input1_similarities": 0.7652873396873474,
    "input2_similarities": 0.8011077046394348
}