{
    "input1_similarities": 0.538524866104126,
    "input2_similarities": 0.8003454208374023
}