{
    "input1_similarities": 0.9298058748245239,
    "input2_similarities": 0.5478579998016357
}