{
    "input1_similarities": 0.8319759368896484,
    "input2_similarities": 0.7453672885894775
}