{
    "input1_similarities": 0.5346924066543579,
    "input2_similarities": 0.4304564595222473
}