{
    "input1_similarities": 0.9107375144958496,
    "input2_similarities": 0.8777881264686584
}