{
    "input1_similarities": 0.6983675956726074,
    "input2_similarities": 0.8924636244773865
}