{
    "input1_similarities": 0.7992360591888428,
    "input2_similarities": 0.7760199904441833
}