{
    "input1_similarities": 0.06240788847208023,
    "input2_similarities": 0.27383390069007874
}