{
    "input1_similarities": 0.9308325052261353,
    "input2_similarities": 0.8986994624137878
}