{
    "input1_similarities": 0.8648440837860107,
    "input2_similarities": 0.9128745794296265
}