{
    "input1_similarities": 0.7418074011802673,
    "input2_similarities": 0.9505337476730347
}