{
    "input1_similarities": 0.9145447611808777,
    "input2_similarities": 0.9327828884124756
}