{
    "input1_similarities": 0.647315502166748,
    "input2_similarities": 0.5385396480560303
}