{
    "input1_similarities": 0.830755352973938,
    "input2_similarities": 0.8417589664459229
}