{
    "input1_similarities": 0.7548283338546753,
    "input2_similarities": 0.7873378396034241
}