{
    "input1_similarities": 0.8585792779922485,
    "input2_similarities": 0.9016815423965454
}