{
    "input1_similarities": 0.8852537870407104,
    "input2_similarities": 0.8932311534881592
}