{
    "input1_similarities": 0.3469753861427307,
    "input2_similarities": 0.3759869337081909
}