{
    "input1_similarities": 0.8501378893852234,
    "input2_similarities": 0.8209413290023804
}