{
    "input1_similarities": 0.898903489112854,
    "input2_similarities": 0.7915594577789307
}