{
    "input1_similarities": 0.6559895277023315,
    "input2_similarities": 0.7144966125488281
}