{
    "input1_similarities": 0.9079629182815552,
    "input2_similarities": 0.8490896224975586
}