{
    "input1_similarities": 0.733039379119873,
    "input2_similarities": 0.6722806692123413
}