{
    "input1_similarities": 0.4303295910358429,
    "input2_similarities": 0.4328431487083435
}