{
    "input1_similarities": 0.8439316749572754,
    "input2_similarities": 0.880811870098114
}