{
    "input1_similarities": 0.8694058060646057,
    "input2_similarities": 0.7360571622848511
}