{
    "input1_similarities": 0.7741695046424866,
    "input2_similarities": 0.7593375444412231
}