{
    "input1_similarities": 0.9129160642623901,
    "input2_similarities": 0.9374852180480957
}