{
    "input1_similarities": 0.8712723851203918,
    "input2_similarities": 0.8189437389373779
}