{
    "input1_similarities": 0.10583822429180145,
    "input2_similarities": 0.11974314600229263
}