{
    "input1_similarities": 0.8693974614143372,
    "input2_similarities": 0.9105349183082581
}