{
    "input1_similarities": 0.8948978185653687,
    "input2_similarities": 0.9090257883071899
}