{
    "input1_similarities": 0.955018162727356,
    "input2_similarities": 0.9311573505401611
}