{
    "input1_similarities": 0.8803014755249023,
    "input2_similarities": 0.9048668742179871
}