{
    "input1_similarities": 0.7898422479629517,
    "input2_similarities": 0.5991146564483643
}