{
    "input1_similarities": 0.9103999733924866,
    "input2_similarities": 0.7896567583084106
}