{
    "input1_similarities": 0.8612761497497559,
    "input2_similarities": 0.8207933902740479
}