{
    "input1_similarities": 0.7825860977172852,
    "input2_similarities": 0.6011654138565063
}