{
    "input1_similarities": 0.3246554136276245,
    "input2_similarities": 0.4953641891479492
}