{
    "input1_similarities": 0.9840651750564575,
    "input2_similarities": 0.9873102903366089
}