{
    "input1_similarities": 0.9497716426849365,
    "input2_similarities": 0.9486899375915527
}