{
    "input1_similarities": 0.9239779710769653,
    "input2_similarities": 0.8698456287384033
}