{
    "input1_similarities": 0.9496204257011414,
    "input2_similarities": 0.9545297622680664
}