{
    "input1_similarities": 0.9387403726577759,
    "input2_similarities": 0.8460949659347534
}