{
    "input1_similarities": 0.8167949914932251,
    "input2_similarities": 0.8299013376235962
}