{
    "input1_similarities": 0.8678709864616394,
    "input2_similarities": 0.667709231376648
}