{
    "input1_similarities": 0.9211569428443909,
    "input2_similarities": 0.9425622224807739
}