{
    "input1_similarities": 0.9129835367202759,
    "input2_similarities": 0.6823453903198242
}