{
    "input1_similarities": 0.8184535503387451,
    "input2_similarities": 0.6167870163917542
}