{
    "input1_similarities": 0.9294611215591431,
    "input2_similarities": 0.9550299644470215
}