{
    "input1_similarities": 0.708579421043396,
    "input2_similarities": 0.73592209815979
}