{
    "input1_similarities": 0.9595379829406738,
    "input2_similarities": 0.9411307573318481
}