{
    "input1_similarities": 0.11689360439777374,
    "input2_similarities": 0.13248513638973236
}