{
    "input1_similarities": 0.5966247320175171,
    "input2_similarities": 0.9118300676345825
}