{
    "input1_similarities": 0.7191184759140015,
    "input2_similarities": 0.7264525890350342
}