{
    "input1_similarities": 0.8383891582489014,
    "input2_similarities": 0.8729098439216614
}