{
    "input1_similarities": 0.6581976413726807,
    "input2_similarities": 0.9702351093292236
}