{
    "input1_similarities": 0.8076858520507812,
    "input2_similarities": 0.8804504871368408
}