{
    "input1_similarities": 0.7716670036315918,
    "input2_similarities": 0.7122353315353394
}