{
    "input1_similarities": 0.8594744205474854,
    "input2_similarities": 0.8460046052932739
}