{
    "input1_similarities": 0.22122009098529816,
    "input2_similarities": 0.9146244525909424
}