{
    "input1_similarities": 0.8241498470306396,
    "input2_similarities": 0.8010475635528564
}