{
    "input1_similarities": 0.9790752530097961,
    "input2_similarities": 0.9648489952087402
}