{
    "input1_similarities": 0.8694552183151245,
    "input2_similarities": 0.8579317927360535
}