{
    "input1_similarities": 0.8636854887008667,
    "input2_similarities": 0.8005136847496033
}