{
    "input1_similarities": 0.8423482179641724,
    "input2_similarities": 0.5666017532348633
}