{
    "input1_similarities": 0.8939132690429688,
    "input2_similarities": 0.9304187297821045
}