{
    "input1_similarities": 0.6422336101531982,
    "input2_similarities": 0.7348383069038391
}