{
    "input1_similarities": 0.948443591594696,
    "input2_similarities": 0.9292899370193481
}