{
    "input1_similarities": 0.7372369766235352,
    "input2_similarities": 0.8161441087722778
}