{
    "input1_similarities": 0.5963268280029297,
    "input2_similarities": 0.8291782140731812
}