{
    "input1_similarities": 0.9223768711090088,
    "input2_similarities": 0.8916109800338745
}