{
    "input1_similarities": 0.8244744539260864,
    "input2_similarities": 0.6855568885803223
}