{
    "input1_similarities": 0.8253214955329895,
    "input2_similarities": 0.7667432427406311
}