{
    "input1_similarities": 0.9110368490219116,
    "input2_similarities": 0.9033931493759155
}