{
    "input1_similarities": 0.7344011068344116,
    "input2_similarities": 0.7388381361961365
}