{
    "input1_similarities": 0.7928690910339355,
    "input2_similarities": 0.9281020760536194
}