{
    "input1_similarities": 0.8915024995803833,
    "input2_similarities": 0.8383173942565918
}