{
    "input1_similarities": 0.9068756103515625,
    "input2_similarities": 0.8203929662704468
}