{
    "input1_similarities": 0.7375679612159729,
    "input2_similarities": 0.80131995677948
}