{
    "input1_similarities": 0.4367734491825104,
    "input2_similarities": 0.5934404134750366
}