{
    "input1_similarities": 0.8429904580116272,
    "input2_similarities": 0.792094349861145
}