{
    "input1_similarities": 0.8790723085403442,
    "input2_similarities": 0.9702290892601013
}