{
    "input1_similarities": 0.4522067606449127,
    "input2_similarities": 0.3829168677330017
}