{
    "input1_similarities": 0.8779027462005615,
    "input2_similarities": 0.9295730590820312
}