{
    "input1_similarities": 0.8785450458526611,
    "input2_similarities": 0.8440595865249634
}