{
    "input1_similarities": 0.9105972647666931,
    "input2_similarities": 0.922261118888855
}