{
    "input1_similarities": 0.24217836558818817,
    "input2_similarities": 0.2603844404220581
}