{
    "input1_similarities": 0.6830753087997437,
    "input2_similarities": 0.6993893384933472
}