{
    "input1_similarities": 0.9732105731964111,
    "input2_similarities": 0.98460853099823
}