{
    "input1_similarities": 0.8864717483520508,
    "input2_similarities": 0.7498681545257568
}