{
    "input1_similarities": 0.8706331253051758,
    "input2_similarities": 0.7478080987930298
}