{
    "input1_similarities": 0.8096449375152588,
    "input2_similarities": 0.9528703689575195
}