{
    "input1_similarities": 0.8738427758216858,
    "input2_similarities": 0.843308687210083
}