{
    "input1_similarities": 0.7646539807319641,
    "input2_similarities": 0.8361384272575378
}