{
    "input1_similarities": 0.9737371802330017,
    "input2_similarities": 0.8828579783439636
}