{
    "input1_similarities": 0.8533458709716797,
    "input2_similarities": 0.8416246175765991
}