{
    "input1_similarities": 0.537480354309082,
    "input2_similarities": 0.5166990756988525
}