{
    "input1_similarities": 0.9163486957550049,
    "input2_similarities": 0.9501792788505554
}