{
    "input1_similarities": 0.7557026147842407,
    "input2_similarities": 0.69926518201828
}