{
    "input1_similarities": 0.8251157999038696,
    "input2_similarities": 0.7842903137207031
}