{
    "input1_similarities": 0.9354416131973267,
    "input2_similarities": 0.7136242389678955
}