{
    "input1_similarities": 0.8886216282844543,
    "input2_similarities": 0.8424772024154663
}