{
    "input1_similarities": 0.9148433804512024,
    "input2_similarities": 0.8620421886444092
}