{
    "input1_similarities": 0.9767043590545654,
    "input2_similarities": 0.9947444200515747
}