{
    "input1_similarities": 0.8256206512451172,
    "input2_similarities": 0.9032037258148193
}