{
    "input1_similarities": 0.9455411434173584,
    "input2_similarities": 0.9601597785949707
}