{
    "input1_similarities": 0.7396297454833984,
    "input2_similarities": 0.7443181276321411
}