{
    "input1_similarities": 0.8552528619766235,
    "input2_similarities": 0.8419133424758911
}