{
    "input1_similarities": 0.7725091576576233,
    "input2_similarities": 0.804530680179596
}