{
    "input1_similarities": 0.9207707047462463,
    "input2_similarities": 0.9322398900985718
}