{
    "input1_similarities": 0.9672527313232422,
    "input2_similarities": 0.9683501720428467
}