{
    "input1_similarities": 0.8937699794769287,
    "input2_similarities": 0.8203121423721313
}