{
    "input1_similarities": 0.8641338348388672,
    "input2_similarities": 0.9501895904541016
}