{
    "input1_similarities": 0.8988737463951111,
    "input2_similarities": 0.8687978982925415
}