{
    "input1_similarities": 0.9204856157302856,
    "input2_similarities": 0.9310325384140015
}