{
    "input1_similarities": 0.9774701595306396,
    "input2_similarities": 0.9535325765609741
}