{
    "input1_similarities": 0.9328261613845825,
    "input2_similarities": 0.9651045203208923
}