{
    "input1_similarities": 0.9400085806846619,
    "input2_similarities": 0.9148827195167542
}