{
    "input1_similarities": 0.6776092648506165,
    "input2_similarities": 0.668847918510437
}