{
    "input1_similarities": 0.7739179730415344,
    "input2_similarities": 0.8666616678237915
}