{
    "input1_similarities": 0.8416028022766113,
    "input2_similarities": 0.8792208433151245
}