{
    "input1_similarities": 0.8552336692810059,
    "input2_similarities": 0.8222683072090149
}