{
    "input1_similarities": 0.8839712142944336,
    "input2_similarities": 0.8693996667861938
}