{
    "input1_similarities": 0.8016754984855652,
    "input2_similarities": 0.9166211485862732
}