{
    "input1_similarities": 0.8211485743522644,
    "input2_similarities": 0.8102370500564575
}