{
    "input1_similarities": 0.8617615103721619,
    "input2_similarities": 0.8442592620849609
}