{
    "input1_similarities": 0.8417474627494812,
    "input2_similarities": 0.7769910097122192
}