{
    "input1_similarities": 0.6764025092124939,
    "input2_similarities": 0.649303674697876
}