{
    "input1_similarities": 0.9152464866638184,
    "input2_similarities": 0.9577446579933167
}