{
    "input1_similarities": 0.950895369052887,
    "input2_similarities": 0.6253594160079956
}