{
    "input1_similarities": 0.8388522267341614,
    "input2_similarities": 0.8043491840362549
}