{
    "input1_similarities": 0.8678860664367676,
    "input2_similarities": 0.7742202281951904
}