{
    "input1_similarities": 0.3515606224536896,
    "input2_similarities": 0.733384370803833
}