{
    "input1_similarities": 0.9606088399887085,
    "input2_similarities": 0.9567610025405884
}