{
    "input1_similarities": 0.7715579271316528,
    "input2_similarities": 0.8430943489074707
}