{
    "input1_similarities": 0.9756852388381958,
    "input2_similarities": 0.9183520078659058
}