{
    "input1_similarities": 0.8279831409454346,
    "input2_similarities": 0.8657816648483276
}