{
    "input1_similarities": 0.8372817635536194,
    "input2_similarities": 0.9171282052993774
}