{
    "input1_similarities": 0.9255939722061157,
    "input2_similarities": 0.8470220565795898
}