{
    "input1_similarities": 0.8610842227935791,
    "input2_similarities": 0.9369407892227173
}