{
    "input1_similarities": 0.8391425609588623,
    "input2_similarities": 0.8220025300979614
}