{
    "input1_similarities": 0.7255569696426392,
    "input2_similarities": 0.5844438076019287
}