{
    "input1_similarities": 0.5660141706466675,
    "input2_similarities": 0.5257490277290344
}