{
    "input1_similarities": 0.7924261093139648,
    "input2_similarities": 0.6529892086982727
}