{
    "input1_similarities": 0.5501961708068848,
    "input2_similarities": 0.9236733913421631
}