{
    "input1_similarities": 0.5293830633163452,
    "input2_similarities": 0.5024514198303223
}