{
    "input1_similarities": 0.9530104398727417,
    "input2_similarities": 0.9290141463279724
}