{
    "input1_similarities": 0.8364152312278748,
    "input2_similarities": 0.0562126561999321
}