{
    "input1_similarities": 0.9012503623962402,
    "input2_similarities": 0.9394164085388184
}