{
    "input1_similarities": 0.6215503215789795,
    "input2_similarities": 0.8854923248291016
}