{
    "input1_similarities": 0.7426592111587524,
    "input2_similarities": 0.774653434753418
}