{
    "input1_similarities": 0.920629620552063,
    "input2_similarities": 0.8948144912719727
}