{
    "input1_similarities": 0.932318925857544,
    "input2_similarities": 0.9936714172363281
}