{
    "input1_similarities": 0.9110815525054932,
    "input2_similarities": 0.7678461074829102
}