{
    "input1_similarities": 0.7456884384155273,
    "input2_similarities": 0.7797841429710388
}