{
    "input1_similarities": 0.3791755437850952,
    "input2_similarities": 0.9035882949829102
}