{
    "input1_similarities": 0.9446112513542175,
    "input2_similarities": 0.9466724991798401
}