{
    "input1_similarities": 0.19323889911174774,
    "input2_similarities": 0.07240758091211319
}