{
    "input1_similarities": 0.8274238109588623,
    "input2_similarities": 0.7965385317802429
}