{
    "input1_similarities": 0.8528863787651062,
    "input2_similarities": 0.9169853329658508
}