{
    "input1_similarities": 0.5078745484352112,
    "input2_similarities": 0.5603078007698059
}