{
    "input1_similarities": 0.764690637588501,
    "input2_similarities": 0.7934391498565674
}