{
    "input1_similarities": 0.3458726406097412,
    "input2_similarities": 0.6772796511650085
}