{
    "input1_similarities": 0.6989926695823669,
    "input2_similarities": 0.807876706123352
}