{
    "input1_similarities": 0.9535980224609375,
    "input2_similarities": 0.8571608066558838
}