{
    "input1_similarities": 0.8486782312393188,
    "input2_similarities": 0.9250156283378601
}