{
    "input1_similarities": 0.8823345899581909,
    "input2_similarities": 0.8928582668304443
}