{
    "input1_similarities": 0.279744952917099,
    "input2_similarities": 0.6078392267227173
}