{
    "input1_similarities": 0.9557996392250061,
    "input2_similarities": 0.7971692681312561
}