{
    "input1_similarities": 0.6564114689826965,
    "input2_similarities": 0.8849009275436401
}