{
    "input1_similarities": 0.6952658891677856,
    "input2_similarities": 0.732752799987793
}