{
    "input1_similarities": 0.7911108732223511,
    "input2_similarities": 0.7523148059844971
}