{
    "input1_similarities": 0.8188563585281372,
    "input2_similarities": 0.6932544708251953
}