{
    "input1_similarities": 0.11849795281887054,
    "input2_similarities": 0.4588375687599182
}