{
    "input1_similarities": 0.8261993527412415,
    "input2_similarities": 0.8338918685913086
}