{
    "input1_similarities": 0.8803278803825378,
    "input2_similarities": 0.8803278803825378
}