{
    "input1_similarities": 0.9118380546569824,
    "input2_similarities": 0.9008209705352783
}