{
    "input1_similarities": 0.6494623422622681,
    "input2_similarities": 0.8054267764091492
}