{
    "input1_similarities": 0.9028619527816772,
    "input2_similarities": 0.9777461290359497
}