{
    "input1_similarities": 0.7223947048187256,
    "input2_similarities": 0.7223947048187256
}