{
    "input1_similarities": 0.8761775493621826,
    "input2_similarities": 0.9167664051055908
}