{
    "input1_similarities": 0.7836633920669556,
    "input2_similarities": 0.8655197620391846
}