{
    "input1_similarities": 0.6528817415237427,
    "input2_similarities": 0.7803841829299927
}