{
    "input1_similarities": 0.7548493146896362,
    "input2_similarities": 0.8715183734893799
}