{
    "input1_similarities": 0.8852437734603882,
    "input2_similarities": 0.895230233669281
}