{
    "input1_similarities": 0.4220283627510071,
    "input2_similarities": 0.4180877208709717
}