{
    "input1_similarities": -0.04140792414546013,
    "input2_similarities": 1.0000001192092896
}