{
    "input1_similarities": 0.9033205509185791,
    "input2_similarities": 0.8356767892837524
}