{
    "input1_similarities": 0.8263043165206909,
    "input2_similarities": 0.812218427658081
}