{
    "input1_similarities": 0.5442790389060974,
    "input2_similarities": 0.5261608362197876
}