{
    "input1_similarities": 0.879810094833374,
    "input2_similarities": 0.9040465354919434
}