{
    "input1_similarities": 0.9567734003067017,
    "input2_similarities": 0.9920589923858643
}