{
    "input1_similarities": 0.9069656729698181,
    "input2_similarities": 0.857723593711853
}