{
    "input1_similarities": 0.8020350933074951,
    "input2_similarities": 0.9610845446586609
}