{
    "input1_similarities": 0.7178942561149597,
    "input2_similarities": 0.953350305557251
}