{
    "input1_similarities": 0.8169776201248169,
    "input2_similarities": 0.22086527943611145
}