{
    "input1_similarities": 0.929864227771759,
    "input2_similarities": 0.9477232098579407
}