{
    "input1_similarities": 0.9124738574028015,
    "input2_similarities": 0.8795143365859985
}