{
    "input1_similarities": 0.9172249436378479,
    "input2_similarities": 0.7807977199554443
}