{
    "input1_similarities": 0.2835550904273987,
    "input2_similarities": 0.2827015817165375
}