{
    "input1_similarities": 0.816304624080658,
    "input2_similarities": 0.9349855184555054
}