{
    "input1_similarities": 0.9478822350502014,
    "input2_similarities": 0.9610186815261841
}