{
    "input1_similarities": 0.6501213908195496,
    "input2_similarities": 0.5708935856819153
}