{
    "input1_similarities": 0.5686267018318176,
    "input2_similarities": 0.546631932258606
}