{
    "input1_similarities": 0.8675508499145508,
    "input2_similarities": 0.8539242744445801
}