{
    "input1_similarities": 0.9298281669616699,
    "input2_similarities": 0.9150512218475342
}