{
    "input1_similarities": 0.8894637823104858,
    "input2_similarities": 0.754387617111206
}