{
    "input1_similarities": 0.787925124168396,
    "input2_similarities": 0.9043302536010742
}