{
    "input1_similarities": 0.5826011896133423,
    "input2_similarities": 0.5612677335739136
}