{
    "input1_similarities": 0.8738882541656494,
    "input2_similarities": 0.9481322765350342
}