{
    "input1_similarities": 0.9209749698638916,
    "input2_similarities": 0.8783683776855469
}