{
    "input1_similarities": 0.9175910949707031,
    "input2_similarities": 0.8596270084381104
}