{
    "input1_similarities": 0.8776267170906067,
    "input2_similarities": 0.8767937421798706
}