{
    "input1_similarities": 0.22103776037693024,
    "input2_similarities": 0.12664397060871124
}