{
    "input1_similarities": 0.9683784246444702,
    "input2_similarities": 0.8950436115264893
}