{
    "input1_similarities": 0.8069535493850708,
    "input2_similarities": 0.8479825854301453
}