{
    "input1_similarities": 0.9341394305229187,
    "input2_similarities": 0.9071669578552246
}