{
    "input1_similarities": 0.5417179465293884,
    "input2_similarities": 0.6637890338897705
}