{
    "input1_similarities": 0.5760639905929565,
    "input2_similarities": 0.540571928024292
}