{
    "input1_similarities": 0.8914476633071899,
    "input2_similarities": 0.6794948577880859
}