{
    "input1_similarities": 0.7474624514579773,
    "input2_similarities": 0.8059907555580139
}