{
    "input1_similarities": 0.7747874855995178,
    "input2_similarities": 0.7747874855995178
}