{
    "input1_similarities": 0.8548398017883301,
    "input2_similarities": 0.9273900389671326
}