{
    "input1_similarities": 0.8138003349304199,
    "input2_similarities": 0.8313872814178467
}