{
    "input1_similarities": 0.9081097841262817,
    "input2_similarities": 0.8350247740745544
}