{
    "input1_similarities": 0.9213645458221436,
    "input2_similarities": 0.9041340351104736
}