{
    "input1_similarities": 0.9684783220291138,
    "input2_similarities": 0.9259154200553894
}