{
    "input1_similarities": 0.9651575684547424,
    "input2_similarities": 0.8207380175590515
}