{
    "input1_similarities": 0.8292008638381958,
    "input2_similarities": 0.8810763359069824
}