{
    "input1_similarities": 0.7966119050979614,
    "input2_similarities": 0.7308435440063477
}