{
    "input1_similarities": 0.9381886124610901,
    "input2_similarities": 0.8922788500785828
}