{
    "input1_similarities": 0.8497576713562012,
    "input2_similarities": 0.9086712598800659
}