{
    "input1_similarities": 0.8713445663452148,
    "input2_similarities": 0.9407448768615723
}