{
    "input1_similarities": 0.8343631029129028,
    "input2_similarities": 0.9286289215087891
}