{
    "input1_similarities": 0.8403750658035278,
    "input2_similarities": 0.8970469236373901
}