{
    "input1_similarities": 0.8091935515403748,
    "input2_similarities": 0.7786883115768433
}