{
    "input1_similarities": 0.811720609664917,
    "input2_similarities": 0.7978661060333252
}