{
    "input1_similarities": 0.9200383424758911,
    "input2_similarities": 0.9012488126754761
}