{
    "input1_similarities": 0.7493671178817749,
    "input2_similarities": 0.7588253617286682
}