{
    "input1_similarities": 0.8334650993347168,
    "input2_similarities": 0.7901330590248108
}