{
    "input1_similarities": 0.9075943231582642,
    "input2_similarities": 0.6429405212402344
}