{
    "input1_similarities": 0.8778320550918579,
    "input2_similarities": 0.9231077432632446
}