{
    "input1_similarities": 0.6657040119171143,
    "input2_similarities": 0.676028311252594
}