{
    "input1_similarities": 0.8099863529205322,
    "input2_similarities": 0.8182992339134216
}