{
    "input1_similarities": 0.9308825731277466,
    "input2_similarities": 0.9100894331932068
}