{
    "input1_similarities": 0.5322813987731934,
    "input2_similarities": 0.5342572927474976
}