{
    "input1_similarities": 0.8371105194091797,
    "input2_similarities": 0.7156290411949158
}