{
    "input1_similarities": 0.6098256707191467,
    "input2_similarities": 0.26936307549476624
}