{
    "input1_similarities": 0.8836522102355957,
    "input2_similarities": 0.8819160461425781
}