{
    "input1_similarities": 0.7528481483459473,
    "input2_similarities": 0.8526893258094788
}