{
    "input1_similarities": 0.7279467582702637,
    "input2_similarities": 0.7200157642364502
}