{
    "input1_similarities": 0.027505215257406235,
    "input2_similarities": 0.012775563634932041
}