{
    "input1_similarities": 0.8970686793327332,
    "input2_similarities": 0.8970686793327332
}