{
    "input1_similarities": 0.5291887521743774,
    "input2_similarities": 0.4282582998275757
}