{
    "input1_similarities": 0.9146465063095093,
    "input2_similarities": 0.8930531740188599
}