{
    "input1_similarities": 0.969789981842041,
    "input2_similarities": 0.8436697721481323
}