{
    "input1_similarities": 0.8648329973220825,
    "input2_similarities": 0.7210365533828735
}