{
    "input1_similarities": 0.15907317399978638,
    "input2_similarities": 0.20854401588439941
}