{
    "input1_similarities": 0.6666983366012573,
    "input2_similarities": 0.7830193042755127
}