{
    "input1_similarities": 0.8207635283470154,
    "input2_similarities": 0.9354664087295532
}