{
    "input1_similarities": 0.9142214059829712,
    "input2_similarities": 0.6909697651863098
}