{
    "input1_similarities": 0.6828283071517944,
    "input2_similarities": 0.5552327036857605
}