{
    "input1_similarities": 0.7403296828269958,
    "input2_similarities": 0.8281025886535645
}