{
    "input1_similarities": 0.8004821538925171,
    "input2_similarities": 0.9537323713302612
}