{
    "input1_similarities": 0.8819795846939087,
    "input2_similarities": 0.9139326214790344
}