{
    "input1_similarities": 0.15196959674358368,
    "input2_similarities": 0.7019094824790955
}