{
    "input1_similarities": 0.9184378981590271,
    "input2_similarities": 0.7546298503875732
}