{
    "input1_similarities": 0.8945337533950806,
    "input2_similarities": 0.8173258900642395
}