{
    "input1_similarities": 0.8807519674301147,
    "input2_similarities": 0.8837705850601196
}