{
    "input1_similarities": 0.8026993870735168,
    "input2_similarities": 0.8768569231033325
}