{
    "input1_similarities": 0.9924298524856567,
    "input2_similarities": 0.9927516579627991
}