{
    "input1_similarities": 0.9620116949081421,
    "input2_similarities": 0.8990751504898071
}