{
    "input1_similarities": 0.8920122981071472,
    "input2_similarities": 0.9322603940963745
}