{
    "input1_similarities": 0.9091808795928955,
    "input2_similarities": 0.8962733745574951
}