{
    "input1_similarities": 0.31524914503097534,
    "input2_similarities": 0.2990938425064087
}