{
    "input1_similarities": 0.7116291522979736,
    "input2_similarities": 0.6981104612350464
}