{
    "input1_similarities": 0.8566617965698242,
    "input2_similarities": 0.8318701982498169
}