{
    "input1_similarities": 0.8764922618865967,
    "input2_similarities": 0.9578911066055298
}