{
    "input1_similarities": 0.9255787134170532,
    "input2_similarities": 0.9665483236312866
}