{
    "input1_similarities": 0.8144627213478088,
    "input2_similarities": 0.8291348218917847
}