{
    "input1_similarities": 0.7400763034820557,
    "input2_similarities": 0.6896606683731079
}