{
    "input1_similarities": 0.8457735776901245,
    "input2_similarities": 0.8691294193267822
}