{
    "input1_similarities": 0.20892873406410217,
    "input2_similarities": 0.2950173616409302
}