{
    "input1_similarities": 0.8990479111671448,
    "input2_similarities": 0.8765318393707275
}