{
    "input1_similarities": 0.9006520509719849,
    "input2_similarities": 0.7702970504760742
}