{
    "input1_similarities": 0.9483423233032227,
    "input2_similarities": 0.9167487025260925
}