{
    "input1_similarities": 0.748238205909729,
    "input2_similarities": 0.7078729867935181
}