{
    "input1_similarities": 0.9478496313095093,
    "input2_similarities": 0.9438105821609497
}