{
    "input1_similarities": 0.853594183921814,
    "input2_similarities": 0.8645468354225159
}