{
    "input1_similarities": 0.863946795463562,
    "input2_similarities": 0.8037760853767395
}