{
    "input1_similarities": 0.7632170915603638,
    "input2_similarities": 0.9051951766014099
}