{
    "input1_similarities": 0.8475607633590698,
    "input2_similarities": 0.9763392806053162
}