{
    "input1_similarities": 0.7420841455459595,
    "input2_similarities": 0.7877078652381897
}