{
    "input1_similarities": 0.7538410425186157,
    "input2_similarities": 0.46729007363319397
}