{
    "input1_similarities": 0.8383572101593018,
    "input2_similarities": 0.776476263999939
}