{
    "input1_similarities": 0.8358213305473328,
    "input2_similarities": 0.8930151462554932
}