{
    "input1_similarities": 0.7294626235961914,
    "input2_similarities": 0.836066722869873
}