{
    "input1_similarities": 0.9430116415023804,
    "input2_similarities": 0.9508367776870728
}