{
    "input1_similarities": 0.8259162902832031,
    "input2_similarities": 0.5861234664916992
}