{
    "input1_similarities": 0.8523970246315002,
    "input2_similarities": 0.8339881300926208
}