{
    "input1_similarities": 0.8903385400772095,
    "input2_similarities": 0.6994003057479858
}