{
    "input1_similarities": 0.515220046043396,
    "input2_similarities": 0.6507226824760437
}