{
    "input1_similarities": 0.9164193868637085,
    "input2_similarities": 0.8457850217819214
}