{
    "input1_similarities": 0.8916414380073547,
    "input2_similarities": 0.7892758846282959
}