{
    "input1_similarities": 0.7717128396034241,
    "input2_similarities": 0.6639273762702942
}