{
    "input1_similarities": 0.8163248300552368,
    "input2_similarities": 0.7821049690246582
}