{
    "input1_similarities": 0.8679765462875366,
    "input2_similarities": 0.8264576196670532
}