{
    "input1_similarities": 0.8317399024963379,
    "input2_similarities": 0.7889231443405151
}