{
    "input1_similarities": 0.9410783052444458,
    "input2_similarities": 0.9248754978179932
}