{
    "input1_similarities": 0.5282268524169922,
    "input2_similarities": 0.464148610830307
}