{
    "input1_similarities": 0.9264991283416748,
    "input2_similarities": 0.9396190047264099
}