{
    "input1_similarities": 0.7982022762298584,
    "input2_similarities": 0.7501187324523926
}