{
    "input1_similarities": 0.6390817165374756,
    "input2_similarities": 0.6124850511550903
}