{
    "input1_similarities": 0.9572978019714355,
    "input2_similarities": 0.842481791973114
}