{
    "input1_similarities": 0.7295736074447632,
    "input2_similarities": 0.7171270847320557
}