{
    "input1_similarities": 0.9124425649642944,
    "input2_similarities": 0.868919849395752
}