{
    "input1_similarities": 0.8456237316131592,
    "input2_similarities": 0.8814907073974609
}