{
    "input1_similarities": 0.9071653485298157,
    "input2_similarities": 0.8924140930175781
}