{
    "input1_similarities": 0.9217808246612549,
    "input2_similarities": 0.8096317648887634
}