{
    "input1_similarities": 0.6921897530555725,
    "input2_similarities": 0.595165491104126
}