{
    "input1_similarities": 0.8911368250846863,
    "input2_similarities": 0.9176126718521118
}