{
    "input1_similarities": 0.9218753576278687,
    "input2_similarities": 0.9223247170448303
}