{
    "input1_similarities": 0.6016786098480225,
    "input2_similarities": 0.6717610359191895
}