{
    "input1_similarities": 0.9055311679840088,
    "input2_similarities": 0.9051600098609924
}