{
    "input1_similarities": 0.8116713762283325,
    "input2_similarities": 0.1474962830543518
}