{
    "input1_similarities": 0.918362021446228,
    "input2_similarities": 0.9215977191925049
}