{
    "input1_similarities": 0.8251405954360962,
    "input2_similarities": 0.7815341353416443
}