{
    "input1_similarities": 0.7737734317779541,
    "input2_similarities": 0.6215266585350037
}