{
    "input1_similarities": 0.7978861331939697,
    "input2_similarities": 0.8012683391571045
}