{
    "input1_similarities": 0.8800854682922363,
    "input2_similarities": 0.8379005193710327
}