{
    "input1_similarities": 0.8990800380706787,
    "input2_similarities": 0.9030967950820923
}