{
    "input1_similarities": 0.88120037317276,
    "input2_similarities": 0.8809669017791748
}