{
    "input1_similarities": 0.9076929092407227,
    "input2_similarities": 0.8200927972793579
}