{
    "input1_similarities": 0.6431415677070618,
    "input2_similarities": 0.8038980960845947
}