{
    "input1_similarities": 0.8660894632339478,
    "input2_similarities": 0.890570878982544
}