{
    "input1_similarities": 0.9483919143676758,
    "input2_similarities": 0.8447828888893127
}