{
    "input1_similarities": 0.6100570559501648,
    "input2_similarities": 0.5678508281707764
}