{
    "input1_similarities": 0.9067096710205078,
    "input2_similarities": 0.8578877449035645
}