{
    "input1_similarities": 0.7293187379837036,
    "input2_similarities": 0.7274240851402283
}