{
    "input1_similarities": 0.95399010181427,
    "input2_similarities": 0.8182023763656616
}