{
    "input1_similarities": 0.34006693959236145,
    "input2_similarities": 0.5561656951904297
}