{
    "input1_similarities": 0.5552167296409607,
    "input2_similarities": 0.5072699189186096
}