{
    "input1_similarities": 0.2567359209060669,
    "input2_similarities": 0.47694626450538635
}