{
    "input1_similarities": 0.7976087927818298,
    "input2_similarities": 0.8857129812240601
}