{
    "input1_similarities": 0.825698971748352,
    "input2_similarities": 0.7862952351570129
}