{
    "input1_similarities": 0.8457954525947571,
    "input2_similarities": 0.7826303243637085
}