{
    "input1_similarities": 0.9108262658119202,
    "input2_similarities": 0.8093772530555725
}