{
    "input1_similarities": 0.7892868518829346,
    "input2_similarities": 0.7839558720588684
}