{
    "input1_similarities": 0.7543008327484131,
    "input2_similarities": 0.7853327989578247
}