{
    "input1_similarities": 0.898863673210144,
    "input2_similarities": 0.8895401358604431
}