{
    "input1_similarities": 0.8620778322219849,
    "input2_similarities": 0.8710625171661377
}