{
    "input1_similarities": 0.9653853178024292,
    "input2_similarities": 0.9002639055252075
}