{
    "input1_similarities": 0.9782058000564575,
    "input2_similarities": 0.9360381364822388
}