{
    "input1_similarities": 0.5915316343307495,
    "input2_similarities": 0.7369644045829773
}