{
    "input1_similarities": 0.862089991569519,
    "input2_similarities": 0.819072425365448
}