{
    "input1_similarities": 0.877611517906189,
    "input2_similarities": 0.836187481880188
}