{
    "input1_similarities": 0.9008930921554565,
    "input2_similarities": 0.8140470385551453
}