{
    "input1_similarities": 0.9367640018463135,
    "input2_similarities": 0.971372663974762
}