{
    "input1_similarities": 0.8055590391159058,
    "input2_similarities": 0.8468813896179199
}