{
    "input1_similarities": -0.09121328592300415,
    "input2_similarities": 0.3337104618549347
}