{
    "input1_similarities": 0.7238979339599609,
    "input2_similarities": 0.8339638710021973
}