{
    "input1_similarities": 0.7349850535392761,
    "input2_similarities": 0.5986164212226868
}