{
    "input1_similarities": 0.8726691007614136,
    "input2_similarities": 0.8653753995895386
}