{
    "input1_similarities": 0.6705373525619507,
    "input2_similarities": 0.7876437306404114
}