{
    "input1_similarities": 0.8857108354568481,
    "input2_similarities": 0.8969573974609375
}