{
    "input1_similarities": 0.6771141290664673,
    "input2_similarities": 0.7169211506843567
}