{
    "input1_similarities": 0.5399653911590576,
    "input2_similarities": 0.5455588102340698
}