{
    "input1_similarities": 0.8886875510215759,
    "input2_similarities": 0.9585332870483398
}