{
    "input1_similarities": 0.8125616908073425,
    "input2_similarities": 0.770735502243042
}