{
    "input1_similarities": 0.9500293731689453,
    "input2_similarities": 0.9009413719177246
}