{
    "input1_similarities": 0.7270694971084595,
    "input2_similarities": 0.8590124845504761
}