{
    "input1_similarities": 0.8122324347496033,
    "input2_similarities": 0.9095548391342163
}