{
    "input1_similarities": 0.7182767391204834,
    "input2_similarities": 0.7858129739761353
}