{
    "input1_similarities": 0.8684141039848328,
    "input2_similarities": 0.9381729364395142
}