{
    "input1_similarities": 0.18581004440784454,
    "input2_similarities": 1.0000001192092896
}