{
    "input1_similarities": 0.7195088863372803,
    "input2_similarities": 0.8514652252197266
}