{
    "input1_similarities": 0.7353754639625549,
    "input2_similarities": 0.7297688722610474
}