{
    "input1_similarities": 0.7261333465576172,
    "input2_similarities": 0.9961282014846802
}