{
    "input1_similarities": 0.8873529434204102,
    "input2_similarities": 0.9027853608131409
}