{
    "input1_similarities": 0.7769099473953247,
    "input2_similarities": 0.8377412557601929
}