{
    "input1_similarities": 0.6821847558021545,
    "input2_similarities": 0.8316923379898071
}