{
    "input1_similarities": 0.8086058497428894,
    "input2_similarities": 0.8611590266227722
}