{
    "input1_similarities": 0.8571509122848511,
    "input2_similarities": 0.9054137468338013
}