{
    "input1_similarities": 0.904708206653595,
    "input2_similarities": 0.8857446908950806
}