{
    "input1_similarities": 0.8901363015174866,
    "input2_similarities": 0.7342454195022583
}