{
    "input1_similarities": 0.9368857741355896,
    "input2_similarities": 0.9624114632606506
}