{
    "input1_similarities": 0.8793737888336182,
    "input2_similarities": 0.8627569079399109
}