{
    "input1_similarities": 0.8364574909210205,
    "input2_similarities": 0.864814817905426
}