{
    "input1_similarities": 0.8483588695526123,
    "input2_similarities": 0.8198785185813904
}