{
    "input1_similarities": 0.8254039287567139,
    "input2_similarities": 0.8233475685119629
}