{
    "input1_similarities": 0.849227786064148,
    "input2_similarities": 0.844637930393219
}