{
    "input1_similarities": 0.8729571104049683,
    "input2_similarities": 0.8082159161567688
}