{
    "input1_similarities": 0.31011098623275757,
    "input2_similarities": 0.2872115969657898
}