{
    "input1_similarities": 0.23534271121025085,
    "input2_similarities": 0.8214606046676636
}