{
    "input1_similarities": 0.6614574193954468,
    "input2_similarities": 0.8348307609558105
}