{
    "input1_similarities": 0.675987184047699,
    "input2_similarities": 0.45375552773475647
}