{
    "input1_similarities": 0.7920798063278198,
    "input2_similarities": 0.7907047271728516
}