{
    "input1_similarities": 0.9388549327850342,
    "input2_similarities": 0.8671473264694214
}