{
    "input1_similarities": 0.15355533361434937,
    "input2_similarities": 0.15600019693374634
}