{
    "input1_similarities": 0.3791414797306061,
    "input2_similarities": 0.40147343277931213
}