{
    "input1_similarities": 0.7542088031768799,
    "input2_similarities": 0.834020733833313
}