{
    "input1_similarities": 0.15217429399490356,
    "input2_similarities": 0.1111285388469696
}