{
    "input1_similarities": 0.32267799973487854,
    "input2_similarities": 0.41958069801330566
}