{
    "input1_similarities": 0.6941667795181274,
    "input2_similarities": 0.4995504319667816
}