{
    "input1_similarities": 0.7562041878700256,
    "input2_similarities": 0.6949386596679688
}