{
    "input1_similarities": 0.3878609538078308,
    "input2_similarities": 0.8316010236740112
}