{
    "input1_similarities": 0.8113253116607666,
    "input2_similarities": 0.9000820517539978
}