{
    "input1_similarities": 0.6609013080596924,
    "input2_similarities": 0.7872925996780396
}