{
    "input1_similarities": 0.7438148260116577,
    "input2_similarities": 0.5949417948722839
}