{
    "input1_similarities": 0.9590641260147095,
    "input2_similarities": 0.9669263362884521
}