{
    "input1_similarities": 0.8873394131660461,
    "input2_similarities": 0.8448282480239868
}