{
    "input1_similarities": 0.8448842167854309,
    "input2_similarities": 0.7819292545318604
}