{
    "input1_similarities": 0.9549230337142944,
    "input2_similarities": 0.9515659809112549
}