{
    "input1_similarities": 0.7891737222671509,
    "input2_similarities": 0.9128609895706177
}