{
    "input1_similarities": 0.9478757381439209,
    "input2_similarities": 0.7524715662002563
}