{
    "input1_similarities": 0.8363929986953735,
    "input2_similarities": 0.32570603489875793
}