{
    "input1_similarities": 0.9752515554428101,
    "input2_similarities": 0.9568548202514648
}