{
    "input1_similarities": 0.892180860042572,
    "input2_similarities": 0.9200003743171692
}