{
    "input1_similarities": 0.8115565776824951,
    "input2_similarities": 0.8806220293045044
}