{
    "input1_similarities": 0.9024535417556763,
    "input2_similarities": 0.8950918316841125
}