{
    "input1_similarities": 0.7931673526763916,
    "input2_similarities": 0.8814932107925415
}