{
    "input1_similarities": 0.8157258033752441,
    "input2_similarities": 0.8555889129638672
}