{
    "input1_similarities": 0.959547221660614,
    "input2_similarities": 0.5791767239570618
}