{
    "input1_similarities": 0.9333694577217102,
    "input2_similarities": 0.953228771686554
}