{
    "input1_similarities": 0.8608276844024658,
    "input2_similarities": 0.7776607871055603
}