{
    "input1_similarities": 0.28946971893310547,
    "input2_similarities": 0.34559521079063416
}