{
    "input1_similarities": 0.5490084290504456,
    "input2_similarities": 0.7015241980552673
}