{
    "input1_similarities": 0.8847711682319641,
    "input2_similarities": 0.9008779525756836
}