{
    "input1_similarities": 0.6141961812973022,
    "input2_similarities": 0.5527065992355347
}