{
    "input1_similarities": 0.8854260444641113,
    "input2_similarities": 0.7597936987876892
}