{
    "input1_similarities": 0.32434406876564026,
    "input2_similarities": 0.3245582580566406
}