{
    "input1_similarities": 0.4561392664909363,
    "input2_similarities": 0.3717281222343445
}