{
    "input1_similarities": 0.8829824924468994,
    "input2_similarities": 0.8280233144760132
}