{
    "input1_similarities": 0.9713103175163269,
    "input2_similarities": 0.8618593215942383
}