{
    "input1_similarities": 0.9649239778518677,
    "input2_similarities": 0.9416311979293823
}