{
    "input1_similarities": 0.8005019426345825,
    "input2_similarities": 0.6320133805274963
}