{
    "input1_similarities": 0.953524112701416,
    "input2_similarities": 0.8506569862365723
}