{
    "input1_similarities": 0.6698276996612549,
    "input2_similarities": 0.6059302687644958
}