{
    "input1_similarities": 0.839978039264679,
    "input2_similarities": 0.7347095012664795
}