{
    "input1_similarities": 0.2369944006204605,
    "input2_similarities": 0.24888074398040771
}