{
    "input1_similarities": 0.8246366381645203,
    "input2_similarities": 0.793809175491333
}