{
    "input1_similarities": 0.8888000249862671,
    "input2_similarities": 0.9234139919281006
}