{
    "input1_similarities": 0.8491013050079346,
    "input2_similarities": 0.8721005916595459
}