{
    "input1_similarities": 0.7643318176269531,
    "input2_similarities": 0.8803713917732239
}