{
    "input1_similarities": 0.9926136136054993,
    "input2_similarities": 0.987423300743103
}