{
    "input1_similarities": 0.8215939998626709,
    "input2_similarities": 0.8696788549423218
}