{
    "input1_similarities": 0.9670296907424927,
    "input2_similarities": 0.9586585760116577
}