{
    "input1_similarities": 0.9455593228340149,
    "input2_similarities": 0.9244937300682068
}