{
    "input1_similarities": 0.9627789855003357,
    "input2_similarities": 0.9980664253234863
}