{
    "input1_similarities": 0.9506397247314453,
    "input2_similarities": 0.9385882019996643
}