{
    "input1_similarities": 0.8500616550445557,
    "input2_similarities": 0.8933620452880859
}