{
    "input1_similarities": 0.43659263849258423,
    "input2_similarities": 0.3007963299751282
}