{
    "input1_similarities": 0.7636693120002747,
    "input2_similarities": 0.8658596873283386
}