{
    "input1_similarities": 0.8350936770439148,
    "input2_similarities": 0.8561707139015198
}