{
    "input1_similarities": 0.7987595200538635,
    "input2_similarities": 0.6113018989562988
}