{
    "input1_similarities": 0.9210574626922607,
    "input2_similarities": 0.8655139803886414
}