{
    "input1_similarities": 0.9195820093154907,
    "input2_similarities": 0.8906611204147339
}