{
    "input1_similarities": 0.9489937424659729,
    "input2_similarities": 0.9755399227142334
}