{
    "input1_similarities": 0.7506558895111084,
    "input2_similarities": 0.7796272039413452
}