{
    "input1_similarities": 0.8513123989105225,
    "input2_similarities": 0.7602317929267883
}