{
    "input1_similarities": 0.9857961535453796,
    "input2_similarities": 0.9864484071731567
}