{
    "input1_similarities": 0.9557886123657227,
    "input2_similarities": 0.9378025531768799
}