{
    "input1_similarities": 0.9591583609580994,
    "input2_similarities": 0.9581432342529297
}