{
    "input1_similarities": 0.8209525346755981,
    "input2_similarities": 0.8169002532958984
}