{
    "input1_similarities": 0.6135631799697876,
    "input2_similarities": 0.40773719549179077
}