{
    "input1_similarities": 0.9921368956565857,
    "input2_similarities": 0.9963079690933228
}