{
    "input1_similarities": 0.7769721746444702,
    "input2_similarities": 0.877376914024353
}