{
    "input1_similarities": 0.9231277704238892,
    "input2_similarities": 0.8959660530090332
}