{
    "input1_similarities": 0.8660477995872498,
    "input2_similarities": 0.8900874257087708
}