{
    "input1_similarities": 0.2500513792037964,
    "input2_similarities": 0.20861147344112396
}