{
    "input1_similarities": 0.9311347007751465,
    "input2_similarities": 0.9227553009986877
}