{
    "input1_similarities": 0.8640592098236084,
    "input2_similarities": 0.7926682829856873
}