{
    "input1_similarities": 0.9382562637329102,
    "input2_similarities": 0.9504389762878418
}