{
    "input1_similarities": 0.8045672178268433,
    "input2_similarities": 0.5775299072265625
}