{
    "input1_similarities": 0.7865132093429565,
    "input2_similarities": 0.6082272529602051
}