{
    "input1_similarities": 0.781528115272522,
    "input2_similarities": 0.8508968353271484
}