{
    "input1_similarities": 0.7490791082382202,
    "input2_similarities": 0.8304295539855957
}