{
    "input1_similarities": 0.9384775757789612,
    "input2_similarities": 0.929180920124054
}