{
    "input1_similarities": 0.8864197134971619,
    "input2_similarities": 0.9247009754180908
}