{
    "input1_similarities": 0.7397611737251282,
    "input2_similarities": 0.8509955406188965
}