{
    "input1_similarities": 0.9242490530014038,
    "input2_similarities": 0.9232268929481506
}