{
    "input1_similarities": 0.9603850841522217,
    "input2_similarities": 0.927670955657959
}