{
    "input1_similarities": 0.9572544097900391,
    "input2_similarities": 0.9438157677650452
}