{
    "input1_similarities": 0.8353391885757446,
    "input2_similarities": 0.8398967385292053
}