{
    "input1_similarities": 0.22966814041137695,
    "input2_similarities": 0.18397307395935059
}