{
    "input1_similarities": 0.9145908355712891,
    "input2_similarities": 0.7108051776885986
}