{
    "input1_similarities": 0.8777031898498535,
    "input2_similarities": 0.8459389209747314
}