{
    "input1_similarities": 0.9545931816101074,
    "input2_similarities": 0.9519968628883362
}