{
    "input1_similarities": 0.7797799706459045,
    "input2_similarities": 0.4320083558559418
}