{
    "input1_similarities": 0.3582587242126465,
    "input2_similarities": 0.4053592085838318
}