{
    "input1_similarities": 0.788365364074707,
    "input2_similarities": 0.8719710111618042
}