{
    "input1_similarities": 0.88498455286026,
    "input2_similarities": 0.8806750774383545
}