{
    "input1_similarities": 0.7963845729827881,
    "input2_similarities": 0.7896736860275269
}