{
    "input1_similarities": 0.9421834945678711,
    "input2_similarities": 0.9380683302879333
}