{
    "input1_similarities": 0.9269828796386719,
    "input2_similarities": 0.8953639268875122
}