{
    "input1_similarities": 0.7708377838134766,
    "input2_similarities": 0.8212786912918091
}