{
    "input1_similarities": 0.8487709760665894,
    "input2_similarities": 0.9216554760932922
}