{
    "input1_similarities": 0.932847261428833,
    "input2_similarities": 0.8861022591590881
}