{
    "input1_similarities": 0.5726072788238525,
    "input2_similarities": 0.7238631844520569
}