{
    "input1_similarities": 0.34917718172073364,
    "input2_similarities": 0.36145663261413574
}