{
    "input1_similarities": 0.9156719446182251,
    "input2_similarities": 0.8509443998336792
}