{
    "input1_similarities": 0.9659147262573242,
    "input2_similarities": 0.8981879949569702
}