{
    "input1_similarities": 0.6933537721633911,
    "input2_similarities": 0.5896214246749878
}