{
    "input1_similarities": 0.9049044251441956,
    "input2_similarities": 0.6449155211448669
}