{
    "input1_similarities": 0.654242992401123,
    "input2_similarities": 0.6622819304466248
}