{
    "input1_similarities": 0.8771178722381592,
    "input2_similarities": 0.939889669418335
}