{
    "input1_similarities": 0.6099812388420105,
    "input2_similarities": 0.6553999185562134
}