{
    "input1_similarities": 0.794045090675354,
    "input2_similarities": 0.9963542222976685
}