{
    "input1_similarities": 0.6059627532958984,
    "input2_similarities": 0.7117971181869507
}