{
    "input1_similarities": 0.7516679763793945,
    "input2_similarities": 0.86899334192276
}