{
    "input1_similarities": 0.8958644866943359,
    "input2_similarities": 0.8951889276504517
}