{
    "input1_similarities": 0.8231371641159058,
    "input2_similarities": 0.7959272861480713
}