{
    "input1_similarities": 0.6039501428604126,
    "input2_similarities": 0.4523658752441406
}