{
    "input1_similarities": 0.8734906911849976,
    "input2_similarities": 0.8481931686401367
}