{
    "input1_similarities": 0.9021627306938171,
    "input2_similarities": 0.9324613213539124
}