{
    "input1_similarities": 0.747588038444519,
    "input2_similarities": 0.7242578268051147
}