{
    "input1_similarities": 0.8899308443069458,
    "input2_similarities": 0.9148873090744019
}