{
    "input1_similarities": 0.8930867910385132,
    "input2_similarities": 0.8484236001968384
}