{
    "input1_similarities": 0.8932546973228455,
    "input2_similarities": 0.9003126621246338
}