{
    "input1_similarities": 0.785110592842102,
    "input2_similarities": 0.7882304191589355
}