{
    "input1_similarities": 0.929149866104126,
    "input2_similarities": 0.9225064516067505
}