{
    "input1_similarities": 0.9209024310112,
    "input2_similarities": 0.9288617372512817
}