{
    "input1_similarities": 0.9138498902320862,
    "input2_similarities": 0.8033811450004578
}