{
    "input1_similarities": 0.931045651435852,
    "input2_similarities": 0.7417418956756592
}