{
    "input1_similarities": 0.8709952235221863,
    "input2_similarities": 0.9278213977813721
}