{
    "input1_similarities": 0.7030472159385681,
    "input2_similarities": 0.8063327670097351
}