{
    "input1_similarities": 0.9522103071212769,
    "input2_similarities": 0.988271176815033
}