{
    "input1_similarities": 0.91557776927948,
    "input2_similarities": 0.9974657297134399
}