{
    "input1_similarities": 0.7496922016143799,
    "input2_similarities": 0.6930297613143921
}