{
    "input1_similarities": 0.8288620710372925,
    "input2_similarities": 0.845890462398529
}