{
    "input1_similarities": 0.8839445114135742,
    "input2_similarities": 0.8394625186920166
}