{
    "input1_similarities": 0.747655987739563,
    "input2_similarities": 0.785916805267334
}