{
    "input1_similarities": 0.9144338965415955,
    "input2_similarities": 0.8636817932128906
}