{
    "input1_similarities": 0.9310747981071472,
    "input2_similarities": 0.7954956293106079
}