{
    "input1_similarities": 0.7663899660110474,
    "input2_similarities": 0.788117527961731
}