{
    "input1_similarities": 0.7849805355072021,
    "input2_similarities": 0.8756453394889832
}