{
    "input1_similarities": 0.8261042237281799,
    "input2_similarities": 0.8629474639892578
}