{
    "input1_similarities": 0.8023948669433594,
    "input2_similarities": 0.7030367255210876
}