{
    "input1_similarities": 0.9548251628875732,
    "input2_similarities": 0.8582577705383301
}