{
    "input1_similarities": 0.8892733454704285,
    "input2_similarities": 0.976742684841156
}