{
    "input1_similarities": 0.2077741175889969,
    "input2_similarities": 0.23791269958019257
}