{
    "input1_similarities": 0.19791865348815918,
    "input2_similarities": 0.2294250875711441
}