{
    "input1_similarities": 0.922187328338623,
    "input2_similarities": 0.9119749069213867
}