{
    "input1_similarities": 0.8098137974739075,
    "input2_similarities": 0.8455793857574463
}