{
    "input1_similarities": 0.5471433997154236,
    "input2_similarities": 0.8689867854118347
}