{
    "input1_similarities": 0.803045928478241,
    "input2_similarities": 0.8902834057807922
}