{
    "input1_similarities": 0.7709007263183594,
    "input2_similarities": 0.5723526477813721
}