{
    "input1_similarities": 0.9463475942611694,
    "input2_similarities": 0.9426316022872925
}