{
    "input1_similarities": 0.7629438042640686,
    "input2_similarities": 0.7471048831939697
}