{
    "input1_similarities": 0.583664059638977,
    "input2_similarities": 0.8983438611030579
}