{
    "input1_similarities": 0.8212438821792603,
    "input2_similarities": 0.6310214400291443
}