{
    "input1_similarities": 0.7858431935310364,
    "input2_similarities": 0.7539762258529663
}