{
    "input1_similarities": 0.8167898058891296,
    "input2_similarities": 0.9392477869987488
}