{
    "input1_similarities": 0.763168215751648,
    "input2_similarities": 0.6244214773178101
}