{
    "input1_similarities": 0.6562744975090027,
    "input2_similarities": 0.7337145805358887
}