{
    "input1_similarities": 0.9235076904296875,
    "input2_similarities": 0.9680600166320801
}