{
    "input1_similarities": 0.6925997138023376,
    "input2_similarities": 0.9563415050506592
}