{
    "input1_similarities": 0.7026596069335938,
    "input2_similarities": 0.8002830743789673
}