{
    "input1_similarities": 0.8407140970230103,
    "input2_similarities": 0.8383182883262634
}