{
    "input1_similarities": 0.9172273278236389,
    "input2_similarities": 0.8365491628646851
}