{
    "input1_similarities": 0.715064287185669,
    "input2_similarities": 0.604674220085144
}