{
    "input1_similarities": 0.9498687982559204,
    "input2_similarities": 0.8990195393562317
}