{
    "input1_similarities": 0.8633474111557007,
    "input2_similarities": 0.9053816199302673
}