{
    "input1_similarities": 0.6900107860565186,
    "input2_similarities": 0.7689118385314941
}