{
    "input1_similarities": 0.5647488236427307,
    "input2_similarities": 0.7071951031684875
}