{
    "input1_similarities": 0.9267539381980896,
    "input2_similarities": 0.9221935868263245
}