{
    "input1_similarities": 0.760434627532959,
    "input2_similarities": 0.7909271717071533
}