{
    "input1_similarities": 0.6003013849258423,
    "input2_similarities": 0.6649320721626282
}