{
    "input1_similarities": 0.692619800567627,
    "input2_similarities": 0.6022471189498901
}