{
    "input1_similarities": 0.8912391662597656,
    "input2_similarities": 0.9416503310203552
}