{
    "input1_similarities": 0.3077870011329651,
    "input2_similarities": 0.45378273725509644
}