{
    "input1_similarities": 0.949343204498291,
    "input2_similarities": 0.9177309274673462
}