{
    "input1_similarities": 0.7031901478767395,
    "input2_similarities": 0.9286270141601562
}