{
    "input1_similarities": 0.8981012105941772,
    "input2_similarities": 0.9198773503303528
}