{
    "input1_similarities": 0.9403171539306641,
    "input2_similarities": 0.9006888270378113
}