{
    "input1_similarities": 0.9132168889045715,
    "input2_similarities": 0.8321141004562378
}