{
    "input1_similarities": 0.8984942436218262,
    "input2_similarities": 0.9708263874053955
}