{
    "input1_similarities": 0.7677270770072937,
    "input2_similarities": 0.7959412336349487
}