{
    "input1_similarities": 0.8865171670913696,
    "input2_similarities": 0.9564286470413208
}