{
    "input1_similarities": 0.954398512840271,
    "input2_similarities": 0.9142888784408569
}