{
    "input1_similarities": 0.8700189590454102,
    "input2_similarities": 0.9577605724334717
}