{
    "input1_similarities": 0.9529097080230713,
    "input2_similarities": 0.957621693611145
}