{
    "input1_similarities": 0.7856074571609497,
    "input2_similarities": 0.8457255959510803
}