{
    "input1_similarities": 0.819908857345581,
    "input2_similarities": 0.7624722719192505
}