{
    "input1_similarities": 0.8882278203964233,
    "input2_similarities": 0.7686803340911865
}