{
    "input1_similarities": 0.8033269643783569,
    "input2_similarities": 0.9105120301246643
}