{
    "input1_similarities": 0.6779633164405823,
    "input2_similarities": 0.6285446882247925
}