{
    "input1_similarities": 0.8786421418190002,
    "input2_similarities": 0.9689688086509705
}