{
    "input1_similarities": 0.847942590713501,
    "input2_similarities": 0.8897022008895874
}