{
    "input1_similarities": 0.7884904146194458,
    "input2_similarities": 0.771041750907898
}