{
    "input1_similarities": 0.9368084669113159,
    "input2_similarities": 0.9051194787025452
}