{
    "input1_similarities": 0.9374322891235352,
    "input2_similarities": 0.9482582807540894
}