{
    "input1_similarities": 0.9019706845283508,
    "input2_similarities": 0.926958441734314
}