{
    "input1_similarities": 0.9746221899986267,
    "input2_similarities": 0.7302300333976746
}