{
    "input1_similarities": 0.8514758348464966,
    "input2_similarities": 0.9175422787666321
}