{
    "input1_similarities": 0.17140191793441772,
    "input2_similarities": 0.44918739795684814
}