{
    "input1_similarities": 0.74177086353302,
    "input2_similarities": 0.8605376482009888
}