{
    "input1_similarities": 0.9522479772567749,
    "input2_similarities": 0.8536988496780396
}