{
    "input1_similarities": 0.897487998008728,
    "input2_similarities": 0.8194640874862671
}