{
    "input1_similarities": 0.9061151742935181,
    "input2_similarities": 0.9042764902114868
}