{
    "input1_similarities": 0.9154065847396851,
    "input2_similarities": 0.7470526695251465
}