{
    "input1_similarities": 0.861210823059082,
    "input2_similarities": 0.8852012157440186
}