{
    "input1_similarities": 0.292015939950943,
    "input2_similarities": 0.2867068648338318
}