{
    "input1_similarities": 0.7855850458145142,
    "input2_similarities": 0.8662278652191162
}