{
    "input1_similarities": 0.7709554433822632,
    "input2_similarities": 0.9052979946136475
}