{
    "input1_similarities": 0.886016845703125,
    "input2_similarities": 0.8652439117431641
}