{
    "input1_similarities": 0.7089755535125732,
    "input2_similarities": 0.8111960887908936
}