{
    "input1_similarities": 0.6620749831199646,
    "input2_similarities": 0.5693154335021973
}