{
    "input1_similarities": 0.953375518321991,
    "input2_similarities": 0.9223942756652832
}