{
    "input1_similarities": 0.6646583080291748,
    "input2_similarities": 0.8569934368133545
}