{
    "input1_similarities": 0.7815354466438293,
    "input2_similarities": 0.792556881904602
}