{
    "input1_similarities": 0.9519624710083008,
    "input2_similarities": 0.9458565711975098
}