{
    "input1_similarities": 0.5853539705276489,
    "input2_similarities": 0.5335939526557922
}