{
    "input1_similarities": 0.6745728254318237,
    "input2_similarities": 0.8386221528053284
}