{
    "input1_similarities": 0.5650038719177246,
    "input2_similarities": 0.8774017691612244
}