{
    "input1_similarities": 0.7095415592193604,
    "input2_similarities": 0.6985026001930237
}