{
    "input1_similarities": 0.9907009601593018,
    "input2_similarities": 0.8411643505096436
}