{
    "input1_similarities": 0.8611036539077759,
    "input2_similarities": 0.916338324546814
}