{
    "input1_similarities": 0.7992750406265259,
    "input2_similarities": 0.8634737133979797
}