{
    "input1_similarities": 0.8796482086181641,
    "input2_similarities": 0.8765597343444824
}