{
    "input1_similarities": 0.8942978382110596,
    "input2_similarities": 0.7742230296134949
}