{
    "input1_similarities": 0.9108136892318726,
    "input2_similarities": 0.8307690024375916
}