{
    "input1_similarities": 0.788512647151947,
    "input2_similarities": 0.8625571727752686
}