{
    "input1_similarities": 0.8374794721603394,
    "input2_similarities": 0.7600691318511963
}