{
    "input1_similarities": 0.9582385420799255,
    "input2_similarities": 0.7684347629547119
}