{
    "input1_similarities": 0.8023879528045654,
    "input2_similarities": 0.7641693353652954
}