{
    "input1_similarities": 0.21718592941761017,
    "input2_similarities": 0.5895677804946899
}