{
    "input1_similarities": 0.8665149807929993,
    "input2_similarities": 0.955520510673523
}