{
    "input1_similarities": 0.9249210357666016,
    "input2_similarities": 0.9482460618019104
}