{
    "input1_similarities": 0.35534900426864624,
    "input2_similarities": 0.8533120155334473
}