{
    "input1_similarities": 0.9057685136795044,
    "input2_similarities": 0.9157235622406006
}