{
    "input1_similarities": 0.7334417104721069,
    "input2_similarities": 0.7608592510223389
}