{
    "input1_similarities": 0.6252363324165344,
    "input2_similarities": 0.5182085037231445
}