{
    "input1_similarities": 0.6985442638397217,
    "input2_similarities": 0.8269325494766235
}