{
    "input1_similarities": 0.436589777469635,
    "input2_similarities": 0.5845595002174377
}