{
    "input1_similarities": 0.9404151439666748,
    "input2_similarities": 0.8697872757911682
}