{
    "input1_similarities": 0.49702414870262146,
    "input2_similarities": 0.6748917102813721
}