{
    "input1_similarities": 0.8296822309494019,
    "input2_similarities": 0.7760395407676697
}