{
    "input1_similarities": 0.9374845027923584,
    "input2_similarities": 0.8522377014160156
}