{
    "input1_similarities": 0.7102800011634827,
    "input2_similarities": 0.6975271701812744
}