{
    "input1_similarities": 0.8140587210655212,
    "input2_similarities": 0.802699089050293
}