{
    "input1_similarities": 0.6107051372528076,
    "input2_similarities": 0.684820830821991
}