{
    "input1_similarities": 0.2778538763523102,
    "input2_similarities": 0.12467830628156662
}