{
    "input1_similarities": 0.9210994243621826,
    "input2_similarities": 0.9523720741271973
}