{
    "input1_similarities": 0.5825109481811523,
    "input2_similarities": 0.587234616279602
}