{
    "input1_similarities": 0.9224620461463928,
    "input2_similarities": 0.912771463394165
}