{
    "input1_similarities": 0.8003180027008057,
    "input2_similarities": 0.895386815071106
}