{
    "input1_similarities": 0.8380769491195679,
    "input2_similarities": 0.8233565092086792
}