{
    "input1_similarities": 0.5620046854019165,
    "input2_similarities": 0.7102281451225281
}