{
    "input1_similarities": 0.623752236366272,
    "input2_similarities": 0.6115875244140625
}