{
    "input1_similarities": 0.7970466017723083,
    "input2_similarities": 0.9083635210990906
}