{
    "input1_similarities": 0.92644864320755,
    "input2_similarities": 0.9190647602081299
}