{
    "input1_similarities": 0.4228968024253845,
    "input2_similarities": 0.2891961336135864
}