{
    "input1_similarities": 0.1669294685125351,
    "input2_similarities": 0.1276799887418747
}