{
    "input1_similarities": 0.9241173267364502,
    "input2_similarities": 0.7151576280593872
}