{
    "input1_similarities": 0.8788563013076782,
    "input2_similarities": 0.9435000419616699
}