{
    "input1_similarities": 0.8722059726715088,
    "input2_similarities": 0.9339672327041626
}