{
    "input1_similarities": 0.9598062038421631,
    "input2_similarities": 0.9702616930007935
}