{
    "input1_similarities": 0.9462548494338989,
    "input2_similarities": 0.919211745262146
}