{
    "input1_similarities": 0.8353694677352905,
    "input2_similarities": 0.7548027038574219
}