{
    "input1_similarities": 0.8650742769241333,
    "input2_similarities": 0.8260114192962646
}