{
    "input1_similarities": 0.8614877462387085,
    "input2_similarities": 0.8677055835723877
}