{
    "input1_similarities": 0.639059841632843,
    "input2_similarities": 0.7113926410675049
}