{
    "input1_similarities": 0.7740138173103333,
    "input2_similarities": 0.8232895135879517
}