{
    "input1_similarities": 0.7715168595314026,
    "input2_similarities": 0.6421597003936768
}