{
    "input1_similarities": 0.3239821195602417,
    "input2_similarities": 0.7606064081192017
}