{
    "input1_similarities": 0.8797441720962524,
    "input2_similarities": 0.8962902426719666
}