{
    "input1_similarities": 0.7499551773071289,
    "input2_similarities": 0.705466091632843
}