{
    "input1_similarities": 0.8710669875144958,
    "input2_similarities": 0.8341425657272339
}