{
    "input1_similarities": 0.9210057854652405,
    "input2_similarities": 0.9345216751098633
}