{
    "input1_similarities": 0.9232699871063232,
    "input2_similarities": 0.8093231916427612
}