{
    "input1_similarities": 0.8833181858062744,
    "input2_similarities": 0.7085404396057129
}