{
    "input1_similarities": 0.897986888885498,
    "input2_similarities": 0.9173192977905273
}