{
    "input1_similarities": 0.8897600769996643,
    "input2_similarities": 0.8897081613540649
}