{
    "input1_similarities": 0.7519101500511169,
    "input2_similarities": 0.7512309551239014
}