{
    "input1_similarities": 0.9384524822235107,
    "input2_similarities": 0.8410245180130005
}