{
    "input1_similarities": 0.8814419507980347,
    "input2_similarities": 0.8404746055603027
}