{
    "input1_similarities": 0.013686249032616615,
    "input2_similarities": 0.15026575326919556
}