{
    "input1_similarities": 0.7535392642021179,
    "input2_similarities": 0.7372138500213623
}