{
    "input1_similarities": 0.8193963766098022,
    "input2_similarities": 0.7937844395637512
}