{
    "input1_similarities": 0.6217473149299622,
    "input2_similarities": 0.8629119396209717
}