{
    "input1_similarities": 0.8458902835845947,
    "input2_similarities": 0.8272266387939453
}