{
    "input1_similarities": 0.6900834441184998,
    "input2_similarities": 0.8188916444778442
}