{
    "input1_similarities": 0.9094333648681641,
    "input2_similarities": 0.9197521209716797
}