{
    "input1_similarities": 0.9422309398651123,
    "input2_similarities": 0.9150381684303284
}