{
    "input1_similarities": 0.843478262424469,
    "input2_similarities": 0.8944634199142456
}