{
    "input1_similarities": 0.8087908029556274,
    "input2_similarities": 0.8791564702987671
}