{
    "input1_similarities": 0.9765801429748535,
    "input2_similarities": 0.721524715423584
}