{
    "input1_similarities": 0.9308239817619324,
    "input2_similarities": 0.8353956341743469
}