{
    "input1_similarities": 0.7436662912368774,
    "input2_similarities": 0.7879565954208374
}