{
    "input1_similarities": 0.9028481245040894,
    "input2_similarities": 0.9278258085250854
}