{
    "input1_similarities": 0.9580197334289551,
    "input2_similarities": 0.8451250791549683
}