{
    "input1_similarities": 0.8369742631912231,
    "input2_similarities": 0.8652463555335999
}