{
    "input1_similarities": 0.7852585911750793,
    "input2_similarities": 0.798963189125061
}