{
    "input1_similarities": 0.9625301361083984,
    "input2_similarities": 0.901924729347229
}