{
    "input1_similarities": 0.8002140522003174,
    "input2_similarities": 0.8252254724502563
}