{
    "input1_similarities": 0.5398290157318115,
    "input2_similarities": 0.61409592628479
}