{
    "input1_similarities": 0.864059329032898,
    "input2_similarities": 0.8189663887023926
}