{
    "input1_similarities": 0.9053006768226624,
    "input2_similarities": 0.7930377721786499
}