{
    "input1_similarities": 0.17089489102363586,
    "input2_similarities": 0.1855371594429016
}