{
    "input1_similarities": 0.7878217697143555,
    "input2_similarities": 0.7694997787475586
}