{
    "input1_similarities": 0.7411022782325745,
    "input2_similarities": 0.9121333360671997
}