{
    "input1_similarities": 0.8382047414779663,
    "input2_similarities": 0.9169943332672119
}