{
    "input1_similarities": 0.950552225112915,
    "input2_similarities": 0.9274073839187622
}