{
    "input1_similarities": 0.7856493592262268,
    "input2_similarities": 0.8694660067558289
}