{
    "input1_similarities": 0.8666355609893799,
    "input2_similarities": 0.9457129240036011
}