{
    "input1_similarities": 0.938886821269989,
    "input2_similarities": 0.9365345239639282
}