{
    "input1_similarities": 0.8651152849197388,
    "input2_similarities": 0.9132117033004761
}