{
    "input1_similarities": 0.8925024271011353,
    "input2_similarities": 0.9334205985069275
}