{
    "input1_similarities": 0.954297661781311,
    "input2_similarities": 0.9356399774551392
}