{
    "input1_similarities": 0.5995438694953918,
    "input2_similarities": 0.6304598450660706
}