{
    "input1_similarities": 0.8601328730583191,
    "input2_similarities": 0.8755297064781189
}