{
    "input1_similarities": 0.9805924892425537,
    "input2_similarities": 0.9152299165725708
}