{
    "input1_similarities": 0.38887864351272583,
    "input2_similarities": 0.20976677536964417
}