{
    "input1_similarities": 0.7359509468078613,
    "input2_similarities": 0.4682691693305969
}