{
    "input1_similarities": 0.8468536734580994,
    "input2_similarities": 0.8093133568763733
}