{
    "input1_similarities": 0.8091691732406616,
    "input2_similarities": 0.9316652417182922
}