{
    "input1_similarities": 0.9731639623641968,
    "input2_similarities": 0.9242496490478516
}