{
    "input1_similarities": 0.8938649296760559,
    "input2_similarities": 0.7845849394798279
}