{
    "input1_similarities": 0.9285248517990112,
    "input2_similarities": 0.9024075269699097
}