{
    "input1_similarities": 0.57273268699646,
    "input2_similarities": 0.633520781993866
}