{
    "input1_similarities": 0.8006846904754639,
    "input2_similarities": 0.7752376198768616
}