{
    "input1_similarities": 0.802178680896759,
    "input2_similarities": 0.9471229314804077
}