{
    "input1_similarities": 0.749578058719635,
    "input2_similarities": 0.6613069772720337
}