{
    "input1_similarities": 0.7942796945571899,
    "input2_similarities": 0.734129786491394
}