{
    "input1_similarities": 0.6568599343299866,
    "input2_similarities": 0.7863433361053467
}