{
    "input1_similarities": 0.7954047322273254,
    "input2_similarities": 0.7579265236854553
}