{
    "input1_similarities": 0.7721178531646729,
    "input2_similarities": 0.8356961011886597
}