{
    "input1_similarities": 0.5237909555435181,
    "input2_similarities": 0.8946655988693237
}