{
    "input1_similarities": 0.6760925054550171,
    "input2_similarities": 0.6591256260871887
}