{
    "input1_similarities": 0.921826958656311,
    "input2_similarities": 0.8144240379333496
}