{
    "input1_similarities": 0.8331674337387085,
    "input2_similarities": 0.8309259414672852
}