{
    "input1_similarities": 0.4570736289024353,
    "input2_similarities": 0.5208241939544678
}