{
    "input1_similarities": 0.9101828336715698,
    "input2_similarities": 0.9472697973251343
}