{
    "input1_similarities": 0.8372324705123901,
    "input2_similarities": 0.8756205439567566
}