{
    "input1_similarities": 0.8218262195587158,
    "input2_similarities": 0.803673267364502
}