{
    "input1_similarities": 0.7371304035186768,
    "input2_similarities": 0.7597561478614807
}