{
    "input1_similarities": 0.8156207799911499,
    "input2_similarities": 0.7627949714660645
}