{
    "input1_similarities": 0.91935795545578,
    "input2_similarities": 0.9476051330566406
}