{
    "input1_similarities": 0.748166561126709,
    "input2_similarities": 0.6655260920524597
}