{
    "input1_similarities": 0.9683216214179993,
    "input2_similarities": 0.8443000316619873
}