{
    "input1_similarities": 0.6998774409294128,
    "input2_similarities": 0.7927650213241577
}