{
    "input1_similarities": 0.9428023099899292,
    "input2_similarities": 0.8490665555000305
}