{
    "input1_similarities": 0.9103518724441528,
    "input2_similarities": 0.9394716024398804
}