{
    "input1_similarities": 0.8430650234222412,
    "input2_similarities": 0.6871806383132935
}