{
    "input1_similarities": 0.9222694635391235,
    "input2_similarities": 0.8270224332809448
}