{
    "input1_similarities": 0.9323330521583557,
    "input2_similarities": 0.8619288206100464
}