{
    "input1_similarities": 0.7206234931945801,
    "input2_similarities": 0.7653734683990479
}