{
    "input1_similarities": 0.8384720087051392,
    "input2_similarities": 0.896109938621521
}