{
    "input1_similarities": 0.6065384745597839,
    "input2_similarities": 0.7181340456008911
}