{
    "input1_similarities": 0.8496580719947815,
    "input2_similarities": 0.9071481227874756
}