{
    "input1_similarities": 0.8872503042221069,
    "input2_similarities": 0.724656879901886
}