{
    "input1_similarities": 0.7739667892456055,
    "input2_similarities": 0.3315597176551819
}