{
    "input1_similarities": 0.18378978967666626,
    "input2_similarities": 0.20053623616695404
}