{
    "input1_similarities": 0.8438752889633179,
    "input2_similarities": 0.8546582460403442
}