{
    "input1_similarities": 0.7807595729827881,
    "input2_similarities": 0.8192459344863892
}