{
    "input1_similarities": 0.753606915473938,
    "input2_similarities": 0.858629584312439
}