{
    "input1_similarities": 0.8977767825126648,
    "input2_similarities": 0.8096647262573242
}