{
    "input1_similarities": 0.8633472919464111,
    "input2_similarities": 0.7449858784675598
}