{
    "input1_similarities": 0.5637749433517456,
    "input2_similarities": 0.696468710899353
}