{
    "input1_similarities": 0.8805974721908569,
    "input2_similarities": 0.9069045782089233
}