{
    "input1_similarities": 0.7833722829818726,
    "input2_similarities": 0.7824521064758301
}