{
    "input1_similarities": 0.9119353890419006,
    "input2_similarities": 0.8687018156051636
}