{
    "input1_similarities": 0.9519047737121582,
    "input2_similarities": 0.9512282013893127
}