{
    "input1_similarities": 0.955569863319397,
    "input2_similarities": 0.981849193572998
}