{
    "input1_similarities": 0.8452777862548828,
    "input2_similarities": 0.8744806051254272
}