{
    "input1_similarities": 0.5978977680206299,
    "input2_similarities": 0.46105992794036865
}