{
    "input1_similarities": 0.6512833833694458,
    "input2_similarities": 0.9041059017181396
}