{
    "input1_similarities": 0.40637150406837463,
    "input2_similarities": 0.5483226776123047
}