{
    "input1_similarities": 0.9169571399688721,
    "input2_similarities": 0.9695706367492676
}