{
    "input1_similarities": 0.8492510914802551,
    "input2_similarities": 0.8693668842315674
}