{
    "input1_similarities": 0.9216843843460083,
    "input2_similarities": 0.8582855463027954
}