{
    "input1_similarities": 0.9974641799926758,
    "input2_similarities": 0.9994057416915894
}