{
    "input1_similarities": 0.840779185295105,
    "input2_similarities": 0.905203640460968
}