{
    "input1_similarities": 0.794209361076355,
    "input2_similarities": 0.8183792233467102
}