{
    "input1_similarities": 0.8762532472610474,
    "input2_similarities": 0.7843940258026123
}