{
    "input1_similarities": 0.6312828660011292,
    "input2_similarities": 0.8582868576049805
}