{
    "input1_similarities": 0.8244153261184692,
    "input2_similarities": 0.8947664499282837
}