{
    "input1_similarities": 0.7589938044548035,
    "input2_similarities": 0.8695256114006042
}