{
    "input1_similarities": 0.9203579425811768,
    "input2_similarities": 0.9750807881355286
}