{
    "input1_similarities": 0.37169671058654785,
    "input2_similarities": 0.4334021806716919
}