{
    "input1_similarities": 0.6244045495986938,
    "input2_similarities": 0.8487435579299927
}