{
    "input1_similarities": 0.8929298520088196,
    "input2_similarities": 0.7756057977676392
}