{
    "input1_similarities": 0.7302215099334717,
    "input2_similarities": 0.6765905618667603
}