{
    "input1_similarities": 0.7289922833442688,
    "input2_similarities": 0.7129133343696594
}