{
    "input1_similarities": 0.8660349249839783,
    "input2_similarities": 0.8770784735679626
}