{
    "input1_similarities": 0.9071028828620911,
    "input2_similarities": 0.9247807860374451
}