{
    "input1_similarities": 0.7940908074378967,
    "input2_similarities": 0.7954241037368774
}