{
    "input1_similarities": 0.8990515470504761,
    "input2_similarities": 0.9163269996643066
}