{
    "input1_similarities": 0.8234429955482483,
    "input2_similarities": 0.9113956093788147
}