{
    "input1_similarities": 0.6447441577911377,
    "input2_similarities": 0.701345682144165
}