{
    "input1_similarities": 0.731257975101471,
    "input2_similarities": 0.9352942705154419
}