{
    "input1_similarities": 0.953999400138855,
    "input2_similarities": 0.9547200202941895
}