{
    "input1_similarities": 0.6603466868400574,
    "input2_similarities": 1.0000001192092896
}