{
    "input1_similarities": 0.8658624291419983,
    "input2_similarities": 0.7994170784950256
}