{
    "input1_similarities": 0.9346277713775635,
    "input2_similarities": 0.9579367637634277
}