{
    "input1_similarities": 0.7845090627670288,
    "input2_similarities": 0.837235152721405
}