{
    "input1_similarities": 0.975157618522644,
    "input2_similarities": 0.9581364989280701
}