{
    "input1_similarities": 0.9688136577606201,
    "input2_similarities": 0.907303512096405
}