{
    "input1_similarities": 0.9353427886962891,
    "input2_similarities": 0.9242255687713623
}