{
    "input1_similarities": 0.8656853437423706,
    "input2_similarities": 0.8580831289291382
}