{
    "input1_similarities": 0.8757148385047913,
    "input2_similarities": 0.8095729351043701
}