{
    "input1_similarities": 0.6794449090957642,
    "input2_similarities": 0.8196837902069092
}