{
    "input1_similarities": 0.17955070734024048,
    "input2_similarities": 0.22494733333587646
}