{
    "input1_similarities": 0.8690260648727417,
    "input2_similarities": 0.8831343054771423
}