{
    "input1_similarities": 0.8192346096038818,
    "input2_similarities": 0.9384230375289917
}