{
    "input1_similarities": 0.5424703359603882,
    "input2_similarities": 0.5826631784439087
}