{
    "input1_similarities": 0.9318810701370239,
    "input2_similarities": 0.9166700839996338
}