{
    "input1_similarities": 0.23080429434776306,
    "input2_similarities": 0.5893721580505371
}