{
    "input1_similarities": 0.9248220920562744,
    "input2_similarities": 0.9674432277679443
}