{
    "input1_similarities": 0.7955410480499268,
    "input2_similarities": 0.6368297934532166
}