{
    "input1_similarities": 0.9652679562568665,
    "input2_similarities": 0.9801082015037537
}