{
    "input1_similarities": 0.8387812376022339,
    "input2_similarities": 0.3620324730873108
}