{
    "input1_similarities": 0.3146008253097534,
    "input2_similarities": 0.46296030282974243
}