{
    "input1_similarities": 0.8540213108062744,
    "input2_similarities": 0.8845176696777344
}