{
    "input1_similarities": 0.908452033996582,
    "input2_similarities": 0.8415254950523376
}