{
    "input1_similarities": 0.9167290925979614,
    "input2_similarities": 0.8852618932723999
}