{
    "input1_similarities": 0.9229408502578735,
    "input2_similarities": 0.9097931981086731
}