{
    "input1_similarities": 0.5309000611305237,
    "input2_similarities": 0.6992429494857788
}