{
    "input1_similarities": 0.885467529296875,
    "input2_similarities": 0.7629773616790771
}