{
    "input1_similarities": 0.9322621822357178,
    "input2_similarities": 0.9513270258903503
}