{
    "input1_similarities": 0.9100596904754639,
    "input2_similarities": 0.9120915532112122
}