{
    "input1_similarities": 0.6673450469970703,
    "input2_similarities": 0.41032174229621887
}