{
    "input1_similarities": 0.9040579795837402,
    "input2_similarities": 0.6379879713058472
}