{
    "input1_similarities": 0.9205185770988464,
    "input2_similarities": 0.9226211309432983
}