{
    "input1_similarities": 0.7255851030349731,
    "input2_similarities": 0.8198519349098206
}