{
    "input1_similarities": 0.8353678584098816,
    "input2_similarities": 0.9280515909194946
}