{
    "input1_similarities": 0.9147495031356812,
    "input2_similarities": 0.7709853053092957
}