{
    "input1_similarities": 0.8891172409057617,
    "input2_similarities": 0.9055435657501221
}