{
    "input1_similarities": 0.8362798690795898,
    "input2_similarities": 0.847842812538147
}