{
    "input1_similarities": 0.8330169320106506,
    "input2_similarities": 0.8255658149719238
}