{
    "input1_similarities": 0.4491826295852661,
    "input2_similarities": 0.501849889755249
}