{
    "input1_similarities": 0.5330756902694702,
    "input2_similarities": 0.5063697695732117
}