{
    "input1_similarities": 0.7832084894180298,
    "input2_similarities": 0.8990887999534607
}