{
    "input1_similarities": 0.9233548641204834,
    "input2_similarities": 0.8301833868026733
}