{
    "input1_similarities": 0.6930257081985474,
    "input2_similarities": 0.7982442378997803
}