{
    "input1_similarities": 0.8549469113349915,
    "input2_similarities": 0.7766436338424683
}