{
    "input1_similarities": 0.9186285734176636,
    "input2_similarities": 0.8494749069213867
}