{
    "input1_similarities": 0.8545742034912109,
    "input2_similarities": 0.8796194195747375
}