{
    "input1_similarities": 0.837624728679657,
    "input2_similarities": 0.6879845857620239
}