{
    "input1_similarities": 0.8894708752632141,
    "input2_similarities": 0.8563218712806702
}