{
    "input1_similarities": 0.8950310945510864,
    "input2_similarities": 0.8205255270004272
}