{
    "input1_similarities": 0.8448916077613831,
    "input2_similarities": 0.7990015149116516
}