{
    "input1_similarities": 0.8464210033416748,
    "input2_similarities": 0.8797444105148315
}