{
    "input1_similarities": 0.6761703491210938,
    "input2_similarities": 0.6921328902244568
}