{
    "input1_similarities": 0.9241970777511597,
    "input2_similarities": 0.8863421678543091
}