{
    "input1_similarities": 0.8819215297698975,
    "input2_similarities": 0.8910329937934875
}