{
    "input1_similarities": 0.9637588262557983,
    "input2_similarities": 0.9634674787521362
}