{
    "input1_similarities": 0.8050228953361511,
    "input2_similarities": 0.7633627653121948
}