{
    "input1_similarities": 0.4092658758163452,
    "input2_similarities": 0.35531553626060486
}