{
    "input1_similarities": 0.38756003975868225,
    "input2_similarities": 0.135694220662117
}