{
    "input1_similarities": 0.6719775795936584,
    "input2_similarities": 0.7031729221343994
}