{
    "input1_similarities": 0.960555911064148,
    "input2_similarities": 0.9170153141021729
}