{
    "input1_similarities": 0.8592207431793213,
    "input2_similarities": 0.8228946924209595
}