{
    "input1_similarities": 0.9072966575622559,
    "input2_similarities": 0.9629693031311035
}