{
    "input1_similarities": 0.9173181056976318,
    "input2_similarities": 0.9405326843261719
}