{
    "input1_similarities": 0.7748949527740479,
    "input2_similarities": 0.9283890724182129
}