{
    "input1_similarities": 0.9156045317649841,
    "input2_similarities": 0.905742883682251
}