{
    "input1_similarities": 0.8525963425636292,
    "input2_similarities": 0.8854691386222839
}