{
    "input1_similarities": 0.8738868236541748,
    "input2_similarities": 0.884784996509552
}