{
    "input1_similarities": 0.48240649700164795,
    "input2_similarities": 0.9436269998550415
}