{
    "input1_similarities": 0.9644443988800049,
    "input2_similarities": 0.9858396053314209
}