{
    "input1_similarities": 0.911385178565979,
    "input2_similarities": 0.9459179639816284
}