{
    "input1_similarities": 0.5094109773635864,
    "input2_similarities": 0.3394935727119446
}