{
    "input1_similarities": 0.7943390607833862,
    "input2_similarities": 0.938373863697052
}