{
    "input1_similarities": 0.04744678735733032,
    "input2_similarities": 0.029348909854888916
}