{
    "input1_similarities": 0.9080857038497925,
    "input2_similarities": 0.9264301657676697
}