{
    "input1_similarities": 0.7369193434715271,
    "input2_similarities": 0.7404495477676392
}