{
    "input1_similarities": 0.957303524017334,
    "input2_similarities": 0.9753656387329102
}