{
    "input1_similarities": 0.8333417773246765,
    "input2_similarities": 0.7983897924423218
}