{
    "input1_similarities": 0.8554340600967407,
    "input2_similarities": 0.9041204452514648
}