{
    "input1_similarities": 0.6714961528778076,
    "input2_similarities": 0.7276438474655151
}