{
    "input1_similarities": 0.8852809071540833,
    "input2_similarities": 0.8200660347938538
}