{
    "input1_similarities": 0.060397714376449585,
    "input2_similarities": -0.05821911245584488
}