{
    "input1_similarities": 0.843612790107727,
    "input2_similarities": 0.855401873588562
}