{
    "input1_similarities": 0.8293984532356262,
    "input2_similarities": 0.7452778816223145
}