{
    "input1_similarities": 0.379508912563324,
    "input2_similarities": 0.35463303327560425
}