{
    "input1_similarities": 0.21804945170879364,
    "input2_similarities": 0.24948298931121826
}