{
    "input1_similarities": 0.568034827709198,
    "input2_similarities": 0.9066343307495117
}