{
    "input1_similarities": 0.9651899337768555,
    "input2_similarities": 0.9818283319473267
}