{
    "input1_similarities": 0.9395833015441895,
    "input2_similarities": 0.8840723633766174
}