{
    "input1_similarities": 0.4953821897506714,
    "input2_similarities": 0.6323133707046509
}