{
    "input1_similarities": 0.7193289399147034,
    "input2_similarities": 0.3377777338027954
}