{
    "input1_similarities": 0.41030818223953247,
    "input2_similarities": 0.4579414129257202
}