{
    "input1_similarities": 0.8146617412567139,
    "input2_similarities": 0.7935168743133545
}