{
    "input1_similarities": 0.6630106568336487,
    "input2_similarities": 0.664310872554779
}