{
    "input1_similarities": 0.7553396224975586,
    "input2_similarities": 0.8067144155502319
}