{
    "input1_similarities": 0.5051990747451782,
    "input2_similarities": 0.8264840841293335
}