{
    "input1_similarities": 0.8607232570648193,
    "input2_similarities": 0.8309305906295776
}