{
    "input1_similarities": 0.8474328517913818,
    "input2_similarities": 0.8257821202278137
}