{
    "input1_similarities": 0.8016787767410278,
    "input2_similarities": 0.8919615745544434
}