{
    "input1_similarities": 0.6695616245269775,
    "input2_similarities": 0.8177193403244019
}