{
    "input1_similarities": 0.49519020318984985,
    "input2_similarities": 0.7249712944030762
}