{
    "input1_similarities": 0.8313391804695129,
    "input2_similarities": 0.7943596839904785
}