{
    "input1_similarities": 0.8376049995422363,
    "input2_similarities": 0.8968197107315063
}