{
    "input1_similarities": 0.9683270454406738,
    "input2_similarities": 0.9483014345169067
}