{
    "input1_similarities": 0.8526664972305298,
    "input2_similarities": 0.8796951770782471
}