{
    "input1_similarities": 0.6730996370315552,
    "input2_similarities": 0.9753105044364929
}