{
    "input1_similarities": 0.8965553045272827,
    "input2_similarities": 0.9438903331756592
}