{
    "input1_similarities": 0.8103291988372803,
    "input2_similarities": 0.6989027261734009
}