{
    "input1_similarities": 0.9401658177375793,
    "input2_similarities": 0.9116642475128174
}