{
    "input1_similarities": 0.8512545824050903,
    "input2_similarities": 0.6462220549583435
}