{
    "input1_similarities": 0.8408822417259216,
    "input2_similarities": 0.7321631908416748
}