{
    "input1_similarities": 0.9366977214813232,
    "input2_similarities": 0.8875210285186768
}