{
    "input1_similarities": 0.7672380208969116,
    "input2_similarities": 0.7664197087287903
}