{
    "input1_similarities": 0.9114571809768677,
    "input2_similarities": 0.9620401859283447
}