{
    "input1_similarities": 0.8900301456451416,
    "input2_similarities": 0.9698154330253601
}