{
    "input1_similarities": 0.5636889338493347,
    "input2_similarities": 0.7943415641784668
}