{
    "input1_similarities": 0.8163906931877136,
    "input2_similarities": 0.897346019744873
}