{
    "input1_similarities": 0.387827068567276,
    "input2_similarities": 0.38143566250801086
}