{
    "input1_similarities": 0.8400866985321045,
    "input2_similarities": 0.811802864074707
}