{
    "input1_similarities": 0.029343098402023315,
    "input2_similarities": 0.07158531248569489
}