{
    "input1_similarities": 0.9793044924736023,
    "input2_similarities": 0.9793044924736023
}