{
    "input1_similarities": 0.6546653509140015,
    "input2_similarities": 0.9031363725662231
}