{
    "input1_similarities": 0.602840006351471,
    "input2_similarities": 0.24243497848510742
}