{
    "input1_similarities": 0.626916229724884,
    "input2_similarities": 0.41273659467697144
}