{
    "input1_similarities": 0.8997594118118286,
    "input2_similarities": 0.8246178030967712
}