{
    "input1_similarities": 0.6673823595046997,
    "input2_similarities": 0.6806120872497559
}