{
    "input1_similarities": 0.9037639498710632,
    "input2_similarities": 0.9017041921615601
}