{
    "input1_similarities": 0.9344505071640015,
    "input2_similarities": 0.9191855788230896
}