{
    "input1_similarities": 0.7893309593200684,
    "input2_similarities": 0.8591077923774719
}