{
    "input1_similarities": 0.978291928768158,
    "input2_similarities": 0.9582905769348145
}