{
    "input1_similarities": 0.7772877216339111,
    "input2_similarities": 0.8117241859436035
}