{
    "input1_similarities": 0.6504660248756409,
    "input2_similarities": 0.637261688709259
}