{
    "input1_similarities": 0.864942193031311,
    "input2_similarities": 0.935269296169281
}