{
    "input1_similarities": 0.4760711193084717,
    "input2_similarities": 0.8258169889450073
}