{
    "input1_similarities": 0.889750599861145,
    "input2_similarities": 0.9129245281219482
}