{
    "input1_similarities": 0.8432053327560425,
    "input2_similarities": 0.7854022979736328
}