{
    "input1_similarities": 0.8194707632064819,
    "input2_similarities": 0.7117857336997986
}