{
    "input1_similarities": 0.8369488716125488,
    "input2_similarities": 0.8898626565933228
}