{
    "input1_similarities": 0.7856296896934509,
    "input2_similarities": 0.7573964595794678
}