{
    "input1_similarities": 0.8404759764671326,
    "input2_similarities": 0.897650420665741
}