{
    "input1_similarities": 0.9249693751335144,
    "input2_similarities": 0.9459545612335205
}