{
    "input1_similarities": 0.1859322488307953,
    "input2_similarities": 0.12509974837303162
}