{
    "input1_similarities": 0.8787760734558105,
    "input2_similarities": 0.868707001209259
}