{
    "input1_similarities": 0.3402429521083832,
    "input2_similarities": 0.6463693380355835
}