{
    "input1_similarities": 0.6405309438705444,
    "input2_similarities": 0.639411985874176
}