{
    "input1_similarities": 0.7949591279029846,
    "input2_similarities": 0.9409834146499634
}