{
    "input1_similarities": 0.7855899333953857,
    "input2_similarities": 0.09535831212997437
}