{
    "input1_similarities": 0.8696244359016418,
    "input2_similarities": 0.800260603427887
}