{
    "input1_similarities": 0.6272256970405579,
    "input2_similarities": 0.7338943481445312
}