{
    "input1_similarities": 0.8436772227287292,
    "input2_similarities": 0.8851373195648193
}