{
    "input1_similarities": 0.45476216077804565,
    "input2_similarities": 0.5066430568695068
}