{
    "input1_similarities": 0.8999544978141785,
    "input2_similarities": 0.9105026125907898
}