{
    "input1_similarities": 0.9497973918914795,
    "input2_similarities": 0.9687063694000244
}