{
    "input1_similarities": 0.5307353734970093,
    "input2_similarities": 0.7379726767539978
}