{
    "input1_similarities": 0.9023022651672363,
    "input2_similarities": 0.9038841128349304
}