{
    "input1_similarities": 0.010732488706707954,
    "input2_similarities": 0.04667956382036209
}