{
    "input1_similarities": 0.9336485862731934,
    "input2_similarities": 0.9258791208267212
}