{
    "input1_similarities": 0.8051835298538208,
    "input2_similarities": 0.8161054849624634
}