{
    "input1_similarities": 0.8867022395133972,
    "input2_similarities": 0.9097856283187866
}