{
    "input1_similarities": 0.7693287134170532,
    "input2_similarities": 0.8310126066207886
}