{
    "input1_similarities": 0.8355021476745605,
    "input2_similarities": 0.8883465528488159
}