{
    "input1_similarities": 0.86147141456604,
    "input2_similarities": 0.8537920117378235
}