{
    "input1_similarities": 0.5940977334976196,
    "input2_similarities": 0.8412953615188599
}