{
    "input1_similarities": 0.7158799171447754,
    "input2_similarities": 0.8779979944229126
}