{
    "input1_similarities": 0.8850489854812622,
    "input2_similarities": 0.9130253791809082
}