{
    "input1_similarities": 0.9277980327606201,
    "input2_similarities": 0.9167321920394897
}