{
    "input1_similarities": 0.8123407959938049,
    "input2_similarities": 0.9562962055206299
}