{
    "input1_similarities": 0.9789079427719116,
    "input2_similarities": 0.9459125995635986
}