{
    "input1_similarities": 0.897330641746521,
    "input2_similarities": 0.9420207142829895
}