{
    "input1_similarities": 0.8470559120178223,
    "input2_similarities": 0.9200628399848938
}