{
    "input1_similarities": 0.8559902906417847,
    "input2_similarities": 0.8806845545768738
}