{
    "input1_similarities": 0.7819257378578186,
    "input2_similarities": 0.8337739706039429
}