{
    "input1_similarities": 0.9019491672515869,
    "input2_similarities": 0.9348025918006897
}