{
    "input1_similarities": 0.6926097869873047,
    "input2_similarities": 0.47191011905670166
}