{
    "input1_similarities": 0.8389765024185181,
    "input2_similarities": 0.9169697761535645
}