{
    "input1_similarities": 0.9373313188552856,
    "input2_similarities": 0.935624361038208
}