{
    "input1_similarities": 0.5802536606788635,
    "input2_similarities": 0.7238223552703857
}