{
    "input1_similarities": 0.5679075717926025,
    "input2_similarities": 0.6311743855476379
}