{
    "input1_similarities": 0.8699625730514526,
    "input2_similarities": 0.9206477403640747
}