{
    "input1_similarities": 0.5813487768173218,
    "input2_similarities": 0.7639092206954956
}