{
    "input1_similarities": 0.8760348558425903,
    "input2_similarities": 0.8138384819030762
}