{
    "input1_similarities": 0.923348069190979,
    "input2_similarities": 0.8081632852554321
}