{
    "input1_similarities": 0.9927628040313721,
    "input2_similarities": 0.9800513982772827
}