{
    "input1_similarities": 0.7224278450012207,
    "input2_similarities": 0.7044054269790649
}