{
    "input1_similarities": 0.9546025991439819,
    "input2_similarities": 0.9541069269180298
}