{
    "input1_similarities": 0.9154857397079468,
    "input2_similarities": 0.9423853158950806
}