{
    "input1_similarities": 0.5986239910125732,
    "input2_similarities": 0.6435839533805847
}