{
    "input1_similarities": 0.6160134077072144,
    "input2_similarities": 0.8222712278366089
}