{
    "input1_similarities": 0.67302405834198,
    "input2_similarities": 0.749005138874054
}