{
    "input1_similarities": 0.5999468564987183,
    "input2_similarities": 0.47453051805496216
}