{
    "input1_similarities": 0.9344686269760132,
    "input2_similarities": 0.885704755783081
}