{
    "input1_similarities": 0.9208511114120483,
    "input2_similarities": 0.8974290490150452
}