{
    "input1_similarities": 0.8207131028175354,
    "input2_similarities": 0.758604884147644
}