{
    "input1_similarities": 0.5506979823112488,
    "input2_similarities": 0.71160888671875
}