{
    "input1_similarities": 0.8293202519416809,
    "input2_similarities": 0.6969029903411865
}