{
    "input1_similarities": 0.6597211956977844,
    "input2_similarities": 0.9728196263313293
}