{
    "input1_similarities": 0.6417571306228638,
    "input2_similarities": 0.8316079378128052
}