{
    "input1_similarities": 0.9617815017700195,
    "input2_similarities": 0.8038508296012878
}