{
    "input1_similarities": 0.881050705909729,
    "input2_similarities": 0.9457095861434937
}