{
    "input1_similarities": 0.8488146066665649,
    "input2_similarities": 0.8493385314941406
}