{
    "input1_similarities": 0.8538417816162109,
    "input2_similarities": 0.8774296045303345
}