{
    "input1_similarities": 0.9441442489624023,
    "input2_similarities": 0.949791669845581
}