{
    "input1_similarities": 0.6271687150001526,
    "input2_similarities": 0.682301938533783
}