{
    "input1_similarities": 0.8773595094680786,
    "input2_similarities": 0.9555244445800781
}