{
    "input1_similarities": 0.8176668882369995,
    "input2_similarities": 0.6781657934188843
}