{
    "input1_similarities": 0.925328254699707,
    "input2_similarities": 0.8328090906143188
}