{
    "input1_similarities": 0.8247567415237427,
    "input2_similarities": 0.8793442249298096
}