{
    "input1_similarities": 0.9798595905303955,
    "input2_similarities": 0.8557745814323425
}