{
    "input1_similarities": 0.6503166556358337,
    "input2_similarities": 0.7776373624801636
}