{
    "input1_similarities": 0.7875326871871948,
    "input2_similarities": 0.6220179796218872
}