{
    "input1_similarities": 0.9467657208442688,
    "input2_similarities": 0.5695958137512207
}