{
    "input1_similarities": 0.6141241192817688,
    "input2_similarities": 0.6718156337738037
}