{
    "input1_similarities": 0.8944689035415649,
    "input2_similarities": 0.5927460193634033
}