{
    "input1_similarities": 0.5294056534767151,
    "input2_similarities": 0.5542851686477661
}