{
    "input1_similarities": 0.5047299861907959,
    "input2_similarities": 0.7502394914627075
}