{
    "input1_similarities": 0.900700032711029,
    "input2_similarities": 0.8581753969192505
}