{
    "input1_similarities": 0.8334807753562927,
    "input2_similarities": 0.8460420966148376
}