{
    "input1_similarities": 0.8916096687316895,
    "input2_similarities": 0.9419716000556946
}