{
    "input1_similarities": 0.8462051153182983,
    "input2_similarities": 0.9086818099021912
}