{
    "input1_similarities": 0.9251332879066467,
    "input2_similarities": 0.9962018132209778
}