{
    "input1_similarities": 0.8962870836257935,
    "input2_similarities": 0.7869871258735657
}