{
    "input1_similarities": 0.7114739418029785,
    "input2_similarities": 0.736495316028595
}