{
    "input1_similarities": 0.24420711398124695,
    "input2_similarities": 0.23218509554862976
}