{
    "input1_similarities": 0.9792145490646362,
    "input2_similarities": 0.985694944858551
}