{
    "input1_similarities": 0.5654543042182922,
    "input2_similarities": 0.5387507677078247
}