{
    "input1_similarities": 0.8944602608680725,
    "input2_similarities": 0.9109019637107849
}