{
    "input1_similarities": 0.867588996887207,
    "input2_similarities": 0.9199318885803223
}