{
    "input1_similarities": 0.868373692035675,
    "input2_similarities": 0.9066178798675537
}