{
    "input1_similarities": 0.8010982275009155,
    "input2_similarities": 0.7890903949737549
}