{
    "input1_similarities": 0.774347186088562,
    "input2_similarities": 0.8583257794380188
}