{
    "input1_similarities": 0.819579005241394,
    "input2_similarities": 0.5796694755554199
}