{
    "input1_similarities": 0.9864755868911743,
    "input2_similarities": 0.9839769601821899
}