{
    "input1_similarities": 0.9296882152557373,
    "input2_similarities": 0.9175171256065369
}