{
    "input1_similarities": 0.8009533882141113,
    "input2_similarities": 0.9160110950469971
}