{
    "input1_similarities": 0.9614763855934143,
    "input2_similarities": 0.9838296175003052
}