{
    "input1_similarities": 0.7722448110580444,
    "input2_similarities": 0.8632228970527649
}