{
    "input1_similarities": 0.7401642799377441,
    "input2_similarities": 0.7327811121940613
}