{
    "input1_similarities": 0.743240237236023,
    "input2_similarities": 0.7539373636245728
}