{
    "input1_similarities": 0.6060813665390015,
    "input2_similarities": 0.7218213677406311
}