{
    "input1_similarities": 0.4141053259372711,
    "input2_similarities": 0.676430344581604
}