{
    "input1_similarities": 0.734891414642334,
    "input2_similarities": 0.81475430727005
}