{
    "input1_similarities": 0.9977009892463684,
    "input2_similarities": 0.9883884191513062
}