{
    "input1_similarities": 0.8536056280136108,
    "input2_similarities": 0.752051830291748
}