{
    "input1_similarities": 0.7548828125,
    "input2_similarities": 0.661201536655426
}