{
    "input1_similarities": 0.6777114868164062,
    "input2_similarities": 0.6727198362350464
}