{
    "input1_similarities": 0.831139862537384,
    "input2_similarities": 0.7892799377441406
}