{
    "input1_similarities": 0.5529124736785889,
    "input2_similarities": 0.5277888774871826
}