{
    "input1_similarities": 0.9888105392456055,
    "input2_similarities": 0.7827061414718628
}