{
    "input1_similarities": 0.877048909664154,
    "input2_similarities": 0.806179404258728
}