{
    "input1_similarities": 0.85933518409729,
    "input2_similarities": 0.7018255591392517
}