{
    "input1_similarities": 0.9601972699165344,
    "input2_similarities": 0.9652982354164124
}