{
    "input1_similarities": 0.36127811670303345,
    "input2_similarities": 0.31468838453292847
}