{
    "input1_similarities": 0.6779108047485352,
    "input2_similarities": 0.6357740163803101
}