{
    "input1_similarities": 0.7863501906394958,
    "input2_similarities": 0.8949235677719116
}