{
    "input1_similarities": 0.8747463226318359,
    "input2_similarities": 0.9093189239501953
}