{
    "input1_similarities": 0.732925295829773,
    "input2_similarities": 0.6791900992393494
}