{
    "input1_similarities": 0.6945950984954834,
    "input2_similarities": 0.7844432592391968
}