{
    "input1_similarities": 0.3014216721057892,
    "input2_similarities": 0.2590595483779907
}