{
    "input1_similarities": 0.861975371837616,
    "input2_similarities": 0.9302678108215332
}