{
    "input1_similarities": 0.7982727289199829,
    "input2_similarities": 0.8252115249633789
}