{
    "input1_similarities": 0.7632125020027161,
    "input2_similarities": 0.5738093256950378
}