{
    "input1_similarities": 0.8194718956947327,
    "input2_similarities": 0.8750723600387573
}