{
    "input1_similarities": 0.8156951665878296,
    "input2_similarities": 0.8966682553291321
}