{
    "input1_similarities": 0.9397744536399841,
    "input2_similarities": 0.8215605020523071
}