{
    "input1_similarities": 0.9280386567115784,
    "input2_similarities": 0.7409521341323853
}