{
    "input1_similarities": 0.7004508972167969,
    "input2_similarities": 0.8626546859741211
}