{
    "input1_similarities": 0.8197652101516724,
    "input2_similarities": 0.8814079761505127
}