{
    "input1_similarities": 0.3782239854335785,
    "input2_similarities": 0.5055179595947266
}