{
    "input1_similarities": 0.8727084398269653,
    "input2_similarities": 0.8406803607940674
}