{
    "input1_similarities": 0.8352513313293457,
    "input2_similarities": 0.8792502284049988
}