{
    "input1_similarities": 0.8982812166213989,
    "input2_similarities": 0.8879159092903137
}