{
    "input1_similarities": 0.8329758048057556,
    "input2_similarities": 0.8790727853775024
}