{
    "input1_similarities": 0.5462573170661926,
    "input2_similarities": 0.6260076761245728
}