{
    "input1_similarities": 0.9423741698265076,
    "input2_similarities": 0.8887616991996765
}