{
    "input1_similarities": 0.9788745045661926,
    "input2_similarities": 0.9922898411750793
}