{
    "input1_similarities": 0.8537964224815369,
    "input2_similarities": 0.8897720575332642
}