{
    "input1_similarities": 0.9788275957107544,
    "input2_similarities": 0.9367201328277588
}