{
    "input1_similarities": 0.8859121799468994,
    "input2_similarities": 0.9307780861854553
}