{
    "input1_similarities": 0.8735806941986084,
    "input2_similarities": 0.8872576951980591
}