{
    "input1_similarities": 0.804425060749054,
    "input2_similarities": 0.6823850274085999
}