{
    "input1_similarities": 0.9008561968803406,
    "input2_similarities": 0.7720904350280762
}