{
    "input1_similarities": 0.8811273574829102,
    "input2_similarities": 0.897645115852356
}