{
    "input1_similarities": 0.874311625957489,
    "input2_similarities": 0.9523247480392456
}