{
    "input1_similarities": 0.582889974117279,
    "input2_similarities": 0.5562787055969238
}