{
    "input1_similarities": 0.9472432136535645,
    "input2_similarities": 0.8453881740570068
}