{
    "input1_similarities": 0.8039987087249756,
    "input2_similarities": 0.7577464580535889
}