{
    "input1_similarities": 0.9627235531806946,
    "input2_similarities": 0.9652631878852844
}