{
    "input1_similarities": 0.9176172018051147,
    "input2_similarities": 0.8877444267272949
}