{
    "input1_similarities": 0.8210359811782837,
    "input2_similarities": 0.8783405423164368
}