{
    "input1_similarities": 0.8939917087554932,
    "input2_similarities": 0.9076241254806519
}