{
    "input1_similarities": 0.7708297371864319,
    "input2_similarities": 0.7122254371643066
}