{
    "input1_similarities": 0.900300145149231,
    "input2_similarities": 0.7717651724815369
}