{
    "input1_similarities": 0.49323469400405884,
    "input2_similarities": 0.615050733089447
}