{
    "input1_similarities": 0.7961273193359375,
    "input2_similarities": 0.7953802347183228
}