{
    "input1_similarities": 0.8725160360336304,
    "input2_similarities": 0.89558345079422
}