{
    "input1_similarities": 0.7968786954879761,
    "input2_similarities": 0.596316397190094
}