{
    "input1_similarities": 0.9653340578079224,
    "input2_similarities": 0.9266139268875122
}