{
    "input1_similarities": 0.8724938631057739,
    "input2_similarities": 0.7086765170097351
}