{
    "input1_similarities": 0.4956825077533722,
    "input2_similarities": 0.30664223432540894
}