{
    "input1_similarities": 0.8869260549545288,
    "input2_similarities": 0.8936724662780762
}