{
    "input1_similarities": 0.7011765241622925,
    "input2_similarities": 0.873162031173706
}