{
    "input1_similarities": 0.7981687784194946,
    "input2_similarities": 0.8642832040786743
}