{
    "input1_similarities": 0.8424283862113953,
    "input2_similarities": 0.8735886812210083
}