{
    "input1_similarities": 0.8727430701255798,
    "input2_similarities": 0.8367271423339844
}