{
    "input1_similarities": 0.7989004850387573,
    "input2_similarities": 0.8394514322280884
}