{
    "input1_similarities": 0.7620720863342285,
    "input2_similarities": 0.8300387859344482
}