{
    "input1_similarities": 0.8751034140586853,
    "input2_similarities": 0.8948862552642822
}