{
    "input1_similarities": 1.0000001192092896,
    "input2_similarities": 1.000000238418579
}