{
    "input1_similarities": 0.6724006533622742,
    "input2_similarities": 0.28244709968566895
}