{
    "input1_similarities": 0.8273382186889648,
    "input2_similarities": 0.8211708664894104
}