{
    "input1_similarities": 0.8604339957237244,
    "input2_similarities": 0.9202287197113037
}