{
    "input1_similarities": 0.9001363515853882,
    "input2_similarities": 0.8513020277023315
}