{
    "input1_similarities": 0.8694278001785278,
    "input2_similarities": 0.8533382415771484
}