{
    "input1_similarities": 0.7959483861923218,
    "input2_similarities": 0.7611428499221802
}