{
    "input1_similarities": 0.7799499034881592,
    "input2_similarities": 0.6136407852172852
}