{
    "input1_similarities": 0.965171217918396,
    "input2_similarities": 0.8915762901306152
}