{
    "input1_similarities": 0.8691444396972656,
    "input2_similarities": 0.7957630157470703
}