{
    "input1_similarities": 0.8842962384223938,
    "input2_similarities": 0.8736189603805542
}