{
    "input1_similarities": 0.7472115755081177,
    "input2_similarities": 0.7681984901428223
}