{
    "input1_similarities": 0.6675441265106201,
    "input2_similarities": 0.62640380859375
}