{
    "input1_similarities": 0.7828577756881714,
    "input2_similarities": 0.8147028684616089
}