{
    "input1_similarities": 0.7207637429237366,
    "input2_similarities": 0.7976136207580566
}