{
    "input1_similarities": 0.9755825996398926,
    "input2_similarities": 0.9464402198791504
}