{
    "input1_similarities": 0.7694668769836426,
    "input2_similarities": 0.6724216341972351
}