{
    "input1_similarities": 0.9752101898193359,
    "input2_similarities": 0.9087615609169006
}