{
    "input1_similarities": 0.8430845141410828,
    "input2_similarities": 0.9003251194953918
}