{
    "input1_similarities": 0.9042077660560608,
    "input2_similarities": 0.9533116221427917
}