{
    "input1_similarities": 0.7084851264953613,
    "input2_similarities": 0.5502824187278748
}