{
    "input1_similarities": 0.8831430673599243,
    "input2_similarities": 0.8069726824760437
}