{
    "input1_similarities": 0.9222854375839233,
    "input2_similarities": 0.8915174007415771
}