{
    "input1_similarities": 0.8087015151977539,
    "input2_similarities": 0.754738450050354
}