{
    "input1_similarities": 0.4870598316192627,
    "input2_similarities": 0.7487227916717529
}