{
    "input1_similarities": 0.41944897174835205,
    "input2_similarities": 0.4762800931930542
}