{
    "input1_similarities": 0.9013210535049438,
    "input2_similarities": 0.8873814940452576
}