{
    "input1_similarities": 0.8123000860214233,
    "input2_similarities": 0.8929543495178223
}