{
    "input1_similarities": 0.8231081962585449,
    "input2_similarities": 0.9011131525039673
}