{
    "input1_similarities": 0.5406163930892944,
    "input2_similarities": 0.5963355302810669
}