{
    "input1_similarities": 0.8857784271240234,
    "input2_similarities": 0.9660474061965942
}