{
    "input1_similarities": 0.8068057298660278,
    "input2_similarities": 0.7971151471138
}