{
    "input1_similarities": 0.7655331492424011,
    "input2_similarities": 0.6401068568229675
}