{
    "input1_similarities": 0.7930567264556885,
    "input2_similarities": 0.8116739988327026
}