{
    "input1_similarities": 0.6568611860275269,
    "input2_similarities": 0.6656683087348938
}