{
    "input1_similarities": 0.9416840076446533,
    "input2_similarities": 0.9638636112213135
}