{
    "input1_similarities": 0.952441394329071,
    "input2_similarities": 0.9051264524459839
}