{
    "input1_similarities": 0.8634796142578125,
    "input2_similarities": 0.9004788398742676
}