{
    "input1_similarities": 0.9375272393226624,
    "input2_similarities": 0.9302384853363037
}