{
    "input1_similarities": 0.8643108010292053,
    "input2_similarities": 0.7459409236907959
}