{
    "input1_similarities": 0.9260383248329163,
    "input2_similarities": 0.9144095182418823
}