{
    "input1_similarities": 0.8594008684158325,
    "input2_similarities": 0.935688853263855
}