{
    "input1_similarities": 0.8211344480514526,
    "input2_similarities": 0.5333034992218018
}