{
    "input1_similarities": 0.7497423887252808,
    "input2_similarities": 0.6042813658714294
}