{
    "input1_similarities": 0.7286233901977539,
    "input2_similarities": 0.5308881402015686
}