{
    "input1_similarities": 0.8436656594276428,
    "input2_similarities": 0.8960965871810913
}