{
    "input1_similarities": 0.999981164932251,
    "input2_similarities": 0.9999950528144836
}