{
    "input1_similarities": 0.8088274002075195,
    "input2_similarities": 0.8166163563728333
}