{
    "input1_similarities": 0.8389497995376587,
    "input2_similarities": 0.5406035780906677
}