{
    "input1_similarities": 0.7724024057388306,
    "input2_similarities": 0.8906756639480591
}