{
    "input1_similarities": 0.8976595401763916,
    "input2_similarities": 0.8950066566467285
}