{
    "input1_similarities": 0.43070757389068604,
    "input2_similarities": 0.7138209342956543
}