{
    "input1_similarities": 0.7544646263122559,
    "input2_similarities": 0.9285084009170532
}