{
    "input1_similarities": 0.9323844909667969,
    "input2_similarities": 0.9152059555053711
}