{
    "input1_similarities": 0.19771097600460052,
    "input2_similarities": 0.11057253181934357
}