{
    "input1_similarities": 0.8669290542602539,
    "input2_similarities": 0.27131226658821106
}