{
    "input1_similarities": 0.8093724250793457,
    "input2_similarities": 0.8679697513580322
}