{
    "input1_similarities": 0.41691136360168457,
    "input2_similarities": 0.8982543349266052
}