{
    "input1_similarities": 0.9497703909873962,
    "input2_similarities": 0.9700164198875427
}