{
    "input1_similarities": 0.9700721502304077,
    "input2_similarities": 0.9303114414215088
}