{
    "input1_similarities": 0.947072446346283,
    "input2_similarities": 0.9102096557617188
}