{
    "input1_similarities": 0.8678584098815918,
    "input2_similarities": 0.9343494772911072
}