{
    "input1_similarities": 0.6767033934593201,
    "input2_similarities": 0.8195483684539795
}