{
    "input1_similarities": 0.9999999403953552,
    "input2_similarities": 0.9970971345901489
}