{
    "input1_similarities": 0.695360004901886,
    "input2_similarities": 0.8651999235153198
}