{
    "input1_similarities": 0.9110841155052185,
    "input2_similarities": 0.9105908274650574
}