{
    "input1_similarities": 0.8105782270431519,
    "input2_similarities": 0.8983803987503052
}