{
    "input1_similarities": 0.8476543426513672,
    "input2_similarities": 0.825684666633606
}