{
    "input1_similarities": 0.8588162064552307,
    "input2_similarities": 0.9415974617004395
}