{
    "input1_similarities": 0.9111742377281189,
    "input2_similarities": 0.9237675666809082
}