{
    "input1_similarities": 0.7746065855026245,
    "input2_similarities": 0.9088103771209717
}