{
    "input1_similarities": 0.9286642074584961,
    "input2_similarities": 0.9157878756523132
}