{
    "input1_similarities": 0.4362466335296631,
    "input2_similarities": 0.19253239035606384
}