{
    "input1_similarities": 0.8350843191146851,
    "input2_similarities": 0.7374231815338135
}