{
    "input1_similarities": 0.8863297700881958,
    "input2_similarities": 0.8885176777839661
}