{
    "input1_similarities": 0.942510724067688,
    "input2_similarities": 0.9585388898849487
}