{
    "input1_similarities": 0.8877713680267334,
    "input2_similarities": 0.9066122770309448
}