{
    "input1_similarities": 0.8655538558959961,
    "input2_similarities": 0.6143211722373962
}