{
    "input1_similarities": 0.7533788084983826,
    "input2_similarities": 0.8537511229515076
}