{
    "input1_similarities": 0.9275493025779724,
    "input2_similarities": 0.9086997509002686
}