{
    "input1_similarities": 0.8896055221557617,
    "input2_similarities": 0.935475766658783
}