{
    "input1_similarities": 0.9138360023498535,
    "input2_similarities": 0.9293699264526367
}