{
    "input1_similarities": 0.6370405554771423,
    "input2_similarities": 0.6929489374160767
}