{
    "input1_similarities": 0.128209188580513,
    "input2_similarities": 0.18165025115013123
}