{
    "input1_similarities": 0.7650628685951233,
    "input2_similarities": 0.7549585103988647
}