{
    "input1_similarities": 0.874393105506897,
    "input2_similarities": 0.624603271484375
}