{
    "input1_similarities": 0.9456518292427063,
    "input2_similarities": 0.8143454790115356
}