{
    "input1_similarities": 0.9141300916671753,
    "input2_similarities": 0.6759603023529053
}