{
    "input1_similarities": 0.494221568107605,
    "input2_similarities": 0.7051283121109009
}