{
    "input1_similarities": 0.44980818033218384,
    "input2_similarities": 0.2508656680583954
}