{
    "input1_similarities": 0.8446288108825684,
    "input2_similarities": 0.8385299444198608
}