{
    "input1_similarities": 0.79339998960495,
    "input2_similarities": 0.8386157155036926
}