{
    "input1_similarities": 0.6492801904678345,
    "input2_similarities": 0.508202314376831
}