{
    "input1_similarities": 0.9333032369613647,
    "input2_similarities": 0.9221138954162598
}