{
    "input1_similarities": 0.9051951766014099,
    "input2_similarities": 0.8325989246368408
}