{
    "input1_similarities": 0.8259021639823914,
    "input2_similarities": 0.8396914005279541
}