{
    "input1_similarities": 0.9504188299179077,
    "input2_similarities": 0.926116943359375
}