{
    "input1_similarities": 0.8282170295715332,
    "input2_similarities": 0.8263291716575623
}