{
    "input1_similarities": 0.06902141869068146,
    "input2_similarities": 0.166029155254364
}