{
    "input1_similarities": 0.7776821851730347,
    "input2_similarities": 0.9082728624343872
}