{
    "input1_similarities": 0.8240636587142944,
    "input2_similarities": 0.44461461901664734
}