{
    "input1_similarities": 0.7956188917160034,
    "input2_similarities": 0.9101143479347229
}