{
    "input1_similarities": 0.8911329507827759,
    "input2_similarities": 0.9371821880340576
}