{
    "input1_similarities": 0.87258380651474,
    "input2_similarities": 0.8478297591209412
}