{
    "input1_similarities": 0.7158925533294678,
    "input2_similarities": 0.294055312871933
}