{
    "input1_similarities": 0.9004241824150085,
    "input2_similarities": 0.8747028112411499
}