{
    "input1_similarities": 0.9884795546531677,
    "input2_similarities": 0.9259991645812988
}