{
    "input1_similarities": 0.6348078846931458,
    "input2_similarities": 0.8620575070381165
}