{
    "input1_similarities": 0.8606795072555542,
    "input2_similarities": 0.8934935331344604
}