{
    "input1_similarities": 0.8077071905136108,
    "input2_similarities": 0.8987693786621094
}