{
    "input1_similarities": 0.8578083515167236,
    "input2_similarities": 0.9075444936752319
}