{
    "input1_similarities": 0.9107893705368042,
    "input2_similarities": 0.867607831954956
}