{
    "input1_similarities": 0.8750062584877014,
    "input2_similarities": 0.8486008644104004
}