{
    "input1_similarities": 0.8905912041664124,
    "input2_similarities": 0.8603774905204773
}