{
    "input1_similarities": 0.8933894634246826,
    "input2_similarities": 0.8385176658630371
}