{
    "input1_similarities": 0.8965632915496826,
    "input2_similarities": 0.9122148752212524
}