{
    "input1_similarities": 0.8262720704078674,
    "input2_similarities": 0.7495253086090088
}