{
    "input1_similarities": 0.8008931875228882,
    "input2_similarities": 0.9066078066825867
}