{
    "input1_similarities": 0.9240775108337402,
    "input2_similarities": 0.9350826144218445
}