{
    "input1_similarities": 0.8273398876190186,
    "input2_similarities": 0.8603756427764893
}