{
    "input1_similarities": 0.9325054883956909,
    "input2_similarities": 0.9330672025680542
}