{
    "input1_similarities": 0.8883010745048523,
    "input2_similarities": 0.919209361076355
}