{
    "input1_similarities": 0.7422225475311279,
    "input2_similarities": 0.9020556807518005
}