{
    "input1_similarities": 0.6457678079605103,
    "input2_similarities": 0.6144626140594482
}