{
    "input1_similarities": 0.8587784767150879,
    "input2_similarities": 0.8697328567504883
}