{
    "input1_similarities": 0.8550236225128174,
    "input2_similarities": 0.862155556678772
}