{
    "input1_similarities": 0.15686160326004028,
    "input2_similarities": 0.9332486391067505
}