{
    "input1_similarities": 0.8879377245903015,
    "input2_similarities": 0.9190168380737305
}