{
    "input1_similarities": 0.8845134973526001,
    "input2_similarities": 0.9360927939414978
}