{
    "input1_similarities": 0.8981779217720032,
    "input2_similarities": 0.8385410308837891
}