{
    "input1_similarities": 0.9077540636062622,
    "input2_similarities": 0.9164910316467285
}