{
    "input1_similarities": 0.8432651162147522,
    "input2_similarities": 0.8353710174560547
}