{
    "input1_similarities": 0.8663221001625061,
    "input2_similarities": 0.8856790065765381
}