{
    "input1_similarities": 0.9439234137535095,
    "input2_similarities": 0.9376856088638306
}