{
    "input1_similarities": 0.8576055765151978,
    "input2_similarities": 0.7813299894332886
}