{
    "input1_similarities": 0.9676759243011475,
    "input2_similarities": 0.825124204158783
}