{
    "input1_similarities": 0.9615374207496643,
    "input2_similarities": 0.95466148853302
}