{
    "input1_similarities": 0.7498227953910828,
    "input2_similarities": 0.9338435530662537
}