{
    "input1_similarities": 0.894195556640625,
    "input2_similarities": 0.8514974117279053
}