{
    "input1_similarities": 0.933673620223999,
    "input2_similarities": 0.9077390432357788
}