{
    "input1_similarities": 0.9450029134750366,
    "input2_similarities": 0.9543655514717102
}