{
    "input1_similarities": 0.7524304986000061,
    "input2_similarities": 0.9086357951164246
}