{
    "input1_similarities": 0.8795444369316101,
    "input2_similarities": 0.7765710949897766
}