{
    "input1_similarities": 0.8478406667709351,
    "input2_similarities": 0.9352660179138184
}