{
    "input1_similarities": 0.4792964458465576,
    "input2_similarities": 0.33954352140426636
}