{
    "input1_similarities": 0.8659677505493164,
    "input2_similarities": 0.9329010248184204
}