{
    "input1_similarities": 0.9327871203422546,
    "input2_similarities": 0.9432674050331116
}