{
    "input1_similarities": 0.8207188248634338,
    "input2_similarities": 0.9544797539710999
}