{
    "input1_similarities": 0.9254802465438843,
    "input2_similarities": 0.8541021347045898
}