{
    "input1_similarities": 0.9550802707672119,
    "input2_similarities": 0.9758714437484741
}