{
    "input1_similarities": 0.587249755859375,
    "input2_similarities": 0.36270567774772644
}