{
    "input1_similarities": 0.8896014094352722,
    "input2_similarities": 0.82619309425354
}