{
    "input1_similarities": 0.9343802332878113,
    "input2_similarities": 0.8951584100723267
}