{
    "input1_similarities": 0.8860073685646057,
    "input2_similarities": 0.8636071681976318
}