{
    "input1_similarities": 0.5942652225494385,
    "input2_similarities": 0.405022531747818
}