{
    "input1_similarities": 0.8790119886398315,
    "input2_similarities": 0.9180925488471985
}