{
    "input1_similarities": 0.9095064401626587,
    "input2_similarities": 0.811008870601654
}