{
    "input1_similarities": 0.6436001062393188,
    "input2_similarities": 0.7171427011489868
}