{
    "input1_similarities": 0.29323482513427734,
    "input2_similarities": 0.29323482513427734
}