{
    "input1_similarities": 0.87526935338974,
    "input2_similarities": 0.8588638305664062
}