{
    "input1_similarities": 0.8636288642883301,
    "input2_similarities": 0.8435462713241577
}