{
    "input1_similarities": 0.709633469581604,
    "input2_similarities": 0.6005129218101501
}