{
    "input1_similarities": 0.9695937633514404,
    "input2_similarities": 0.7560572624206543
}