{
    "input1_similarities": 0.9182735681533813,
    "input2_similarities": 0.9199279546737671
}