{
    "input1_similarities": 0.838015079498291,
    "input2_similarities": 0.9026719331741333
}