{
    "input1_similarities": 0.9301983118057251,
    "input2_similarities": 0.876612663269043
}