{
    "input1_similarities": 0.5844210386276245,
    "input2_similarities": 0.4926956295967102
}