{
    "input1_similarities": 0.9363002181053162,
    "input2_similarities": 0.9522773027420044
}