{
    "input1_similarities": 0.9002600908279419,
    "input2_similarities": 0.8049403429031372
}