{
    "input1_similarities": 0.9032882452011108,
    "input2_similarities": 0.9463058114051819
}