{
    "input1_similarities": 0.7237966060638428,
    "input2_similarities": 0.808910071849823
}