{
    "input1_similarities": 0.8718096017837524,
    "input2_similarities": 0.8332031965255737
}