{
    "input1_similarities": 0.8369120359420776,
    "input2_similarities": 0.8568278551101685
}