{
    "input1_similarities": 0.3195886015892029,
    "input2_similarities": 0.15716949105262756
}