{
    "input1_similarities": 0.8689296245574951,
    "input2_similarities": 0.9122515320777893
}