{
    "input1_similarities": 0.45787709951400757,
    "input2_similarities": 0.23175930976867676
}