{
    "input1_similarities": 0.938352108001709,
    "input2_similarities": 0.9383983016014099
}