{
    "input1_similarities": 0.8527828454971313,
    "input2_similarities": 0.8691329956054688
}