{
    "input1_similarities": 0.8271903991699219,
    "input2_similarities": 0.8688098192214966
}