{
    "input1_similarities": 0.6967741250991821,
    "input2_similarities": 0.7564830183982849
}