{
    "input1_similarities": 0.8496261835098267,
    "input2_similarities": 0.7225706577301025
}