{
    "input1_similarities": 0.9689689874649048,
    "input2_similarities": 0.9554789662361145
}