{
    "input1_similarities": 0.8186614513397217,
    "input2_similarities": 0.8451550006866455
}