{
    "input1_similarities": 0.6939089894294739,
    "input2_similarities": 0.7695498466491699
}