{
    "input1_similarities": 0.8487458825111389,
    "input2_similarities": 0.9289823770523071
}