{
    "input1_similarities": 0.8333289623260498,
    "input2_similarities": 1.0000001192092896
}