{
    "input1_similarities": 0.7655020356178284,
    "input2_similarities": 0.8462070822715759
}