{
    "input1_similarities": 0.2553507685661316,
    "input2_similarities": 0.2351222038269043
}