{
    "input1_similarities": 0.8560551404953003,
    "input2_similarities": 0.627689778804779
}