{
    "input1_similarities": 0.933371901512146,
    "input2_similarities": 0.929743230342865
}