{
    "input1_similarities": 0.9340648055076599,
    "input2_similarities": 0.881945013999939
}