{
    "input1_similarities": 0.7230522632598877,
    "input2_similarities": 0.8121025562286377
}