{
    "input1_similarities": 0.8953554630279541,
    "input2_similarities": 0.9288835525512695
}