{
    "input1_similarities": 0.8818652629852295,
    "input2_similarities": 0.6866322755813599
}