{
    "input1_similarities": 0.885970950126648,
    "input2_similarities": 0.7047127485275269
}