{
    "input1_similarities": 0.9200925230979919,
    "input2_similarities": 0.7192142009735107
}