{
    "input1_similarities": 0.9839024543762207,
    "input2_similarities": 0.9411993026733398
}