{
    "input1_similarities": 0.4537260830402374,
    "input2_similarities": 0.5025733709335327
}