{
    "input1_similarities": 0.7671751976013184,
    "input2_similarities": 0.8599830865859985
}