{
    "input1_similarities": 0.8225119113922119,
    "input2_similarities": 0.8006241321563721
}