{
    "input1_similarities": 0.8428982496261597,
    "input2_similarities": 0.9150897860527039
}