{
    "input1_similarities": 0.5249029397964478,
    "input2_similarities": 0.6122548580169678
}