{
    "input1_similarities": 0.8782151937484741,
    "input2_similarities": 0.9023004770278931
}