{
    "input1_similarities": 0.9486017227172852,
    "input2_similarities": 0.8422646522521973
}