{
    "input1_similarities": 0.902940034866333,
    "input2_similarities": 0.907595694065094
}