{
    "input1_similarities": 0.8053789734840393,
    "input2_similarities": 0.5019543170928955
}