{
    "input1_similarities": 0.7395017147064209,
    "input2_similarities": 0.7714129686355591
}