{
    "input1_similarities": 0.655861496925354,
    "input2_similarities": 0.739309549331665
}