{
    "input1_similarities": 0.8963479399681091,
    "input2_similarities": 0.916522204875946
}