{
    "input1_similarities": 0.9211836457252502,
    "input2_similarities": 0.6718409061431885
}