{
    "input1_similarities": 0.8220151662826538,
    "input2_similarities": 0.8488584160804749
}