{
    "input1_similarities": 0.8144084215164185,
    "input2_similarities": 0.9148855209350586
}