{
    "input1_similarities": 0.8936538696289062,
    "input2_similarities": 0.715888500213623
}