{
    "input1_similarities": 0.954853892326355,
    "input2_similarities": 0.9303423166275024
}