{
    "input1_similarities": 0.8805076479911804,
    "input2_similarities": 0.91557776927948
}