{
    "input1_similarities": 0.7687126398086548,
    "input2_similarities": 0.8204261064529419
}