{
    "input1_similarities": 0.3329828679561615,
    "input2_similarities": 0.5110354423522949
}