{
    "input1_similarities": 0.7935201525688171,
    "input2_similarities": 0.5810517072677612
}