{
    "input1_similarities": 0.5151532888412476,
    "input2_similarities": 0.8634815216064453
}