{
    "input1_similarities": 0.93366938829422,
    "input2_similarities": 0.9084107875823975
}