{
    "input1_similarities": 0.860055685043335,
    "input2_similarities": 0.8364821076393127
}