{
    "input1_similarities": 0.9518465995788574,
    "input2_similarities": 0.9485170841217041
}