{
    "input1_similarities": 0.9934559464454651,
    "input2_similarities": 0.9474520087242126
}