{
    "input1_similarities": 0.33105504512786865,
    "input2_similarities": 0.41024309396743774
}