{
    "input1_similarities": 0.3841046094894409,
    "input2_similarities": 0.7189342975616455
}