{
    "input1_similarities": 0.8724735975265503,
    "input2_similarities": 0.7839627265930176
}