{
    "input1_similarities": 0.8868879079818726,
    "input2_similarities": 0.8688051700592041
}