{
    "input1_similarities": 0.9036036729812622,
    "input2_similarities": 0.9323379397392273
}