{
    "input1_similarities": 0.9335426092147827,
    "input2_similarities": 0.9175073504447937
}