{
    "input1_similarities": 0.832098126411438,
    "input2_similarities": 0.7507596015930176
}