{
    "input1_similarities": 0.7568774223327637,
    "input2_similarities": 0.9430838823318481
}