{
    "input1_similarities": 0.9475374221801758,
    "input2_similarities": 0.846835732460022
}