{
    "input1_similarities": 0.9767237901687622,
    "input2_similarities": 0.9469225406646729
}