{
    "input1_similarities": 0.9020856618881226,
    "input2_similarities": 0.8814740180969238
}