{
    "input1_similarities": 0.6140756607055664,
    "input2_similarities": 0.5816082954406738
}