{
    "input1_similarities": 0.9065290689468384,
    "input2_similarities": 0.9241591691970825
}