{
    "input1_similarities": 0.8395912051200867,
    "input2_similarities": 0.9261366128921509
}