{
    "input1_similarities": 0.6905696988105774,
    "input2_similarities": 0.5158909559249878
}