{
    "input1_similarities": 0.5675264000892639,
    "input2_similarities": 0.6036967635154724
}