{
    "input1_similarities": 0.6403615474700928,
    "input2_similarities": 0.7143580317497253
}