{
    "input1_similarities": 0.7208778262138367,
    "input2_similarities": 0.828310489654541
}