{
    "input1_similarities": 0.3647860586643219,
    "input2_similarities": 0.3039848506450653
}