{
    "input1_similarities": 0.8654294013977051,
    "input2_similarities": 0.9584758281707764
}