{
    "input1_similarities": 0.9079380631446838,
    "input2_similarities": 0.8195057511329651
}