{
    "input1_similarities": 0.8399736881256104,
    "input2_similarities": 0.905281662940979
}