{
    "input1_similarities": 0.8079872131347656,
    "input2_similarities": 0.8714950084686279
}