{
    "input1_similarities": 0.16409972310066223,
    "input2_similarities": 0.8869157433509827
}