{
    "input1_similarities": 0.7943285703659058,
    "input2_similarities": 0.7411422729492188
}