{
    "input1_similarities": 0.9169519543647766,
    "input2_similarities": 0.875259280204773
}