{
    "input1_similarities": 0.7488815784454346,
    "input2_similarities": 0.7508432865142822
}