{
    "input1_similarities": 0.9101018309593201,
    "input2_similarities": 0.9139618873596191
}