{
    "input1_similarities": 0.8477686643600464,
    "input2_similarities": 0.8931065797805786
}