{
    "input1_similarities": 0.9110203981399536,
    "input2_similarities": 0.7425512075424194
}