{
    "input1_similarities": 0.9841947555541992,
    "input2_similarities": 0.9397467374801636
}