{
    "input1_similarities": 0.8445882797241211,
    "input2_similarities": 0.6863064765930176
}