{
    "input1_similarities": 0.9343807697296143,
    "input2_similarities": 0.9408107995986938
}