{
    "input1_similarities": 0.8810253739356995,
    "input2_similarities": 0.8429325819015503
}