{
    "input1_similarities": 0.6072280406951904,
    "input2_similarities": 0.6286309361457825
}