{
    "input1_similarities": 0.9358108639717102,
    "input2_similarities": 0.9395939111709595
}