{
    "input1_similarities": 0.9444522857666016,
    "input2_similarities": 0.8613519668579102
}