{
    "input1_similarities": 0.8575347661972046,
    "input2_similarities": 0.8620655536651611
}