{
    "input1_similarities": 0.23836073279380798,
    "input2_similarities": 0.8154222965240479
}