{
    "input1_similarities": 0.29490962624549866,
    "input2_similarities": 0.27757883071899414
}