{
    "input1_similarities": 0.9858452677726746,
    "input2_similarities": 0.9807703495025635
}