{
    "input1_similarities": 0.7801541090011597,
    "input2_similarities": 0.761935293674469
}