{
    "input1_similarities": 0.808025598526001,
    "input2_similarities": 0.9501267075538635
}