{
    "input1_similarities": 0.9275418519973755,
    "input2_similarities": 0.9427645206451416
}