{
    "input1_similarities": 0.8849908113479614,
    "input2_similarities": 0.7221295833587646
}