{
    "input1_similarities": 0.5727754831314087,
    "input2_similarities": 0.654046893119812
}