{
    "input1_similarities": 0.8870301246643066,
    "input2_similarities": 0.9049662351608276
}