{
    "input1_similarities": 1.0000001192092896,
    "input2_similarities": 0.7588856220245361
}