{
    "input1_similarities": 0.7782140374183655,
    "input2_similarities": 0.7491344809532166
}