{
    "input1_similarities": 0.8801000118255615,
    "input2_similarities": 0.924202561378479
}