{
    "input1_similarities": 0.7933112382888794,
    "input2_similarities": 0.781430721282959
}