{
    "input1_similarities": 0.7357792854309082,
    "input2_similarities": 0.583584725856781
}