{
    "input1_similarities": 0.7909818887710571,
    "input2_similarities": 0.8614526391029358
}