{
    "input1_similarities": 0.9099429845809937,
    "input2_similarities": 0.9119840860366821
}