{
    "input1_similarities": 0.9528641700744629,
    "input2_similarities": 0.9166889190673828
}