{
    "input1_similarities": 0.7736281156539917,
    "input2_similarities": 0.6493455171585083
}