{
    "input1_similarities": 0.9129976034164429,
    "input2_similarities": 0.9288148283958435
}