{
    "input1_similarities": 0.9180175065994263,
    "input2_similarities": 0.9895225763320923
}