{
    "input1_similarities": 0.809471607208252,
    "input2_similarities": 0.861936092376709
}