{
    "input1_similarities": 0.7526702880859375,
    "input2_similarities": 0.6382864117622375
}