{
    "input1_similarities": 0.7421380281448364,
    "input2_similarities": 0.6912093162536621
}