{
    "input1_similarities": 0.7176306247711182,
    "input2_similarities": 0.6645392179489136
}