{
    "input1_similarities": 0.39551275968551636,
    "input2_similarities": 0.5103982090950012
}