{
    "input1_similarities": 0.9353495836257935,
    "input2_similarities": 0.9436650276184082
}