{
    "input1_similarities": 0.7276941537857056,
    "input2_similarities": 0.7858654856681824
}