{
    "input1_similarities": 0.6341351270675659,
    "input2_similarities": 0.2884960174560547
}