{
    "input1_similarities": 0.8721325397491455,
    "input2_similarities": 0.8613502383232117
}