{
    "input1_similarities": 0.7111833095550537,
    "input2_similarities": 0.7678599953651428
}