{
    "input1_similarities": 0.855914831161499,
    "input2_similarities": 0.7546089887619019
}