{
    "input1_similarities": 0.9215043783187866,
    "input2_similarities": 0.9623397588729858
}