{
    "input1_similarities": 0.716586709022522,
    "input2_similarities": 0.6932870149612427
}