{
    "input1_similarities": 0.9811895489692688,
    "input2_similarities": 0.9869582653045654
}