{
    "input1_similarities": 0.3832503855228424,
    "input2_similarities": 0.8091846108436584
}