{
    "input1_similarities": 0.3837284445762634,
    "input2_similarities": 0.7346410751342773
}