{
    "input1_similarities": 0.7060861587524414,
    "input2_similarities": 0.768915593624115
}