{
    "input1_similarities": 0.8616330623626709,
    "input2_similarities": 0.8587484359741211
}