{
    "input1_similarities": 0.9894659519195557,
    "input2_similarities": 0.6148751974105835
}