{
    "input1_similarities": 0.23842158913612366,
    "input2_similarities": 0.25946715474128723
}