{
    "input1_similarities": 0.9408725500106812,
    "input2_similarities": 0.9792383909225464
}