{
    "input1_similarities": 0.8409968614578247,
    "input2_similarities": 0.8724393844604492
}