{
    "input1_similarities": 0.8487178087234497,
    "input2_similarities": 0.824272632598877
}