{
    "input1_similarities": 0.8722749948501587,
    "input2_similarities": 0.7711350917816162
}