{
    "input1_similarities": 0.8871710896492004,
    "input2_similarities": 0.9524133801460266
}