{
    "input1_similarities": 0.7402673959732056,
    "input2_similarities": 0.6887030601501465
}