{
    "input1_similarities": 0.8296898603439331,
    "input2_similarities": 0.7356169819831848
}