{
    "input1_similarities": 0.8181192874908447,
    "input2_similarities": 0.7628901600837708
}