{
    "input1_similarities": 0.9249197244644165,
    "input2_similarities": 0.917415976524353
}