{
    "input1_similarities": 0.9998939037322998,
    "input2_similarities": 0.9986981749534607
}