{
    "input1_similarities": 0.7755628228187561,
    "input2_similarities": 0.7956740856170654
}