{
    "input1_similarities": 0.9755922555923462,
    "input2_similarities": 0.9891518354415894
}