{
    "input1_similarities": 0.6538510322570801,
    "input2_similarities": 0.580312192440033
}