{
    "input1_similarities": 0.7911401987075806,
    "input2_similarities": 0.809643030166626
}