{
    "input1_similarities": 0.7651973962783813,
    "input2_similarities": 0.7597675919532776
}