{
    "input1_similarities": 0.9585491418838501,
    "input2_similarities": 0.9105364680290222
}