{
    "input1_similarities": 0.8294415473937988,
    "input2_similarities": 0.9000976085662842
}