{
    "input1_similarities": 0.8701417446136475,
    "input2_similarities": 0.9493054151535034
}