{
    "input1_similarities": 0.78078293800354,
    "input2_similarities": 0.6258652210235596
}