{
    "input1_similarities": 0.8271899223327637,
    "input2_similarities": 0.8361707925796509
}