{
    "input1_similarities": 0.8671854734420776,
    "input2_similarities": 0.8861916065216064
}