{
    "input1_similarities": 0.9001606702804565,
    "input2_similarities": 0.8594298362731934
}