{
    "input1_similarities": 0.823714017868042,
    "input2_similarities": 0.800668478012085
}