{
    "input1_similarities": 0.7281008362770081,
    "input2_similarities": 0.7534102201461792
}