{
    "input1_similarities": 0.8883771300315857,
    "input2_similarities": 0.8580960035324097
}