{
    "input1_similarities": 0.9131860733032227,
    "input2_similarities": 0.9269022941589355
}