{
    "input1_similarities": 0.8088760375976562,
    "input2_similarities": 0.8385775089263916
}