{
    "input1_similarities": 0.5385738611221313,
    "input2_similarities": 0.5847545266151428
}