{
    "input1_similarities": 0.7651875019073486,
    "input2_similarities": 0.9112683534622192
}