{
    "input1_similarities": 0.5466634035110474,
    "input2_similarities": 0.6743621826171875
}