{
    "input1_similarities": 0.7231215238571167,
    "input2_similarities": 0.719791829586029
}