{
    "input1_similarities": 0.04797748476266861,
    "input2_similarities": 0.07814992219209671
}