{
    "input1_similarities": 0.8076521754264832,
    "input2_similarities": 0.889821469783783
}