{
    "input1_similarities": 0.8775826096534729,
    "input2_similarities": 0.8780841827392578
}