{
    "input1_similarities": 0.8682057857513428,
    "input2_similarities": 0.8483754396438599
}