{
    "input1_similarities": 0.6187756061553955,
    "input2_similarities": 0.8519914150238037
}