{
    "input1_similarities": 0.8707664608955383,
    "input2_similarities": 0.8258687853813171
}