{
    "input1_similarities": 0.9676945209503174,
    "input2_similarities": 0.930219829082489
}