{
    "input1_similarities": 0.9068179130554199,
    "input2_similarities": 0.809904158115387
}