{
    "input1_similarities": 0.8389896750450134,
    "input2_similarities": 0.7000417113304138
}