{
    "input1_similarities": 0.9238846302032471,
    "input2_similarities": 0.8706838488578796
}