{
    "input1_similarities": 0.96934974193573,
    "input2_similarities": 0.8627883195877075
}