{
    "input1_similarities": 0.796538233757019,
    "input2_similarities": 0.8217459321022034
}