{
    "input1_similarities": 0.7865269780158997,
    "input2_similarities": 0.8483717441558838
}