{
    "input1_similarities": 0.6621897220611572,
    "input2_similarities": 0.8320414423942566
}