{
    "input1_similarities": 0.8891192674636841,
    "input2_similarities": 0.884329617023468
}