{
    "input1_similarities": 0.9004205465316772,
    "input2_similarities": 0.9275702238082886
}