{
    "input1_similarities": 0.8979239463806152,
    "input2_similarities": 0.9046598672866821
}