{
    "input1_similarities": 0.8101069927215576,
    "input2_similarities": 0.7737407684326172
}