{
    "input1_similarities": 0.8513136506080627,
    "input2_similarities": 0.6942936778068542
}