{
    "input1_similarities": 0.8683808445930481,
    "input2_similarities": 0.924871027469635
}