{
    "input1_similarities": 0.9611403346061707,
    "input2_similarities": 0.9469228386878967
}