{
    "input1_similarities": 0.8695333003997803,
    "input2_similarities": 0.9490392804145813
}