{
    "input1_similarities": 0.6854206323623657,
    "input2_similarities": 0.5390006303787231
}