{
    "input1_similarities": 0.9632298350334167,
    "input2_similarities": 0.9204690456390381
}