{
    "input1_similarities": 0.1299523413181305,
    "input2_similarities": 0.12137611955404282
}