{
    "input1_similarities": 0.9442115426063538,
    "input2_similarities": 0.953199565410614
}