{
    "input1_similarities": 0.9252979159355164,
    "input2_similarities": 0.940111517906189
}