{
    "input1_similarities": 0.8199506998062134,
    "input2_similarities": 0.7867326140403748
}