{
    "input1_similarities": 0.9605275988578796,
    "input2_similarities": 0.9430849552154541
}