{
    "input1_similarities": 0.9767865538597107,
    "input2_similarities": 0.9382250905036926
}