{
    "input1_similarities": 0.8956236839294434,
    "input2_similarities": 0.9160769581794739
}