{
    "input1_similarities": 0.7129421234130859,
    "input2_similarities": 0.4823322296142578
}