{
    "input1_similarities": 0.91905277967453,
    "input2_similarities": 0.8901402950286865
}