{
    "input1_similarities": 0.35009491443634033,
    "input2_similarities": 0.33402013778686523
}