{
    "input1_similarities": 0.9072383046150208,
    "input2_similarities": 0.866436243057251
}