{
    "input1_similarities": 0.9333451986312866,
    "input2_similarities": 0.9332213997840881
}