{
    "input1_similarities": 0.8348878622055054,
    "input2_similarities": 0.8766412734985352
}