{
    "input1_similarities": 0.6309794187545776,
    "input2_similarities": 0.5340604186058044
}