{
    "input1_similarities": 0.4602357745170593,
    "input2_similarities": 0.4602357745170593
}