{
    "input1_similarities": 0.8356245756149292,
    "input2_similarities": 0.8853771686553955
}