{
    "input1_similarities": 0.8858913779258728,
    "input2_similarities": 0.8987503051757812
}