{
    "input1_similarities": 0.5528096556663513,
    "input2_similarities": 0.6000555753707886
}