{
    "input1_similarities": 0.5807226896286011,
    "input2_similarities": 0.4900677800178528
}