{
    "input1_similarities": 0.8160436153411865,
    "input2_similarities": 0.9216231107711792
}