{
    "input1_similarities": 0.30647027492523193,
    "input2_similarities": 0.8981786370277405
}