{
    "input1_similarities": 0.813787579536438,
    "input2_similarities": 0.8553696870803833
}