{
    "input1_similarities": 0.8528834581375122,
    "input2_similarities": 0.8850255012512207
}