{
    "input1_similarities": 0.8427320122718811,
    "input2_similarities": 0.8505120277404785
}