{
    "input1_similarities": 0.9584359526634216,
    "input2_similarities": 0.9625390768051147
}