{
    "input1_similarities": 0.8644747734069824,
    "input2_similarities": 0.8939709067344666
}