{
    "input1_similarities": 0.8435006737709045,
    "input2_similarities": 0.9537526965141296
}