{
    "input1_similarities": 0.9287405610084534,
    "input2_similarities": 0.9643950462341309
}