{
    "input1_similarities": 0.778660774230957,
    "input2_similarities": 0.7739362716674805
}