{
    "input1_similarities": 0.8600724935531616,
    "input2_similarities": 0.8733248710632324
}