{
    "input1_similarities": 0.9387902617454529,
    "input2_similarities": 0.8933988809585571
}