{
    "input1_similarities": 0.9244564771652222,
    "input2_similarities": 0.9396407604217529
}