{
    "input1_similarities": 0.712054431438446,
    "input2_similarities": 0.784110426902771
}