{
    "input1_similarities": 0.840695858001709,
    "input2_similarities": 0.8998308181762695
}