{
    "input1_similarities": 0.3243447542190552,
    "input2_similarities": 0.2707716226577759
}