{
    "input1_similarities": 0.9112541079521179,
    "input2_similarities": 0.9177407622337341
}