{
    "input1_similarities": 0.9055254459381104,
    "input2_similarities": 1.0000001192092896
}