{
    "input1_similarities": 0.743089497089386,
    "input2_similarities": 0.6797887682914734
}