{
    "input1_similarities": 0.9402153491973877,
    "input2_similarities": 0.8142247200012207
}