{
    "input1_similarities": 0.6424577236175537,
    "input2_similarities": 0.8387975692749023
}