{
    "input1_similarities": 0.45665714144706726,
    "input2_similarities": 0.45665714144706726
}