{
    "input1_similarities": 0.8356807231903076,
    "input2_similarities": 0.9163411855697632
}