{
    "input1_similarities": 0.7780380845069885,
    "input2_similarities": 0.060590676963329315
}