{
    "input1_similarities": 0.9350627660751343,
    "input2_similarities": 0.8490270972251892
}