{
    "input1_similarities": 0.7603371143341064,
    "input2_similarities": 0.809898316860199
}