{
    "input1_similarities": 0.8619332313537598,
    "input2_similarities": 0.875503420829773
}