{
    "input1_similarities": 0.8730267286300659,
    "input2_similarities": 0.8851168751716614
}