{
    "input1_similarities": 0.6678000092506409,
    "input2_similarities": 0.6346942186355591
}