{
    "input1_similarities": 0.5134834051132202,
    "input2_similarities": 0.6678116917610168
}