{
    "input1_similarities": 0.8394293785095215,
    "input2_similarities": 0.9755741357803345
}