{
    "input1_similarities": 0.91368567943573,
    "input2_similarities": 0.09735435247421265
}