{
    "input1_similarities": 0.94367516040802,
    "input2_similarities": 0.8021279573440552
}