{
    "input1_similarities": 0.9033576846122742,
    "input2_similarities": 0.9714987874031067
}