{
    "input1_similarities": -0.045637741684913635,
    "input2_similarities": -0.034689612686634064
}