{
    "input1_similarities": 0.692862868309021,
    "input2_similarities": 0.9477893114089966
}