{
    "input1_similarities": 0.5092597603797913,
    "input2_similarities": 0.39749523997306824
}