{
    "input1_similarities": 0.906514585018158,
    "input2_similarities": 0.9458972215652466
}