{
    "input1_similarities": 0.918185830116272,
    "input2_similarities": 0.8246104717254639
}