{
    "input1_similarities": 0.5811582207679749,
    "input2_similarities": 0.3288535475730896
}