{
    "input1_similarities": 0.9551399946212769,
    "input2_similarities": 0.9908455014228821
}