{
    "input1_similarities": 0.9275888204574585,
    "input2_similarities": 0.9075887203216553
}