{
    "input1_similarities": 0.7384974956512451,
    "input2_similarities": 0.6967886686325073
}