{
    "input1_similarities": 0.5239557027816772,
    "input2_similarities": 0.4546997845172882
}