{
    "input1_similarities": 0.9299692511558533,
    "input2_similarities": 0.7962936162948608
}