{
    "input1_similarities": 0.7755538821220398,
    "input2_similarities": 0.620918869972229
}