{
    "input1_similarities": 0.7934063673019409,
    "input2_similarities": 0.7389729619026184
}