{
    "input1_similarities": 0.7782094478607178,
    "input2_similarities": 0.7437632083892822
}