{
    "input1_similarities": 0.7251749038696289,
    "input2_similarities": 0.6816759705543518
}