{
    "input1_similarities": 0.759589672088623,
    "input2_similarities": 0.8319757580757141
}