{
    "input1_similarities": 0.8880260586738586,
    "input2_similarities": 0.9100786447525024
}