{
    "input1_similarities": 0.9899676442146301,
    "input2_similarities": 0.9772811532020569
}