{
    "input1_similarities": 0.8841240406036377,
    "input2_similarities": 0.7753605842590332
}