{
    "input1_similarities": 0.9377857446670532,
    "input2_similarities": 0.8675979375839233
}