{
    "input1_similarities": 0.500741720199585,
    "input2_similarities": 0.4824105203151703
}