{
    "input1_similarities": 0.7395619750022888,
    "input2_similarities": 0.6128997206687927
}