{
    "input1_similarities": 0.8846540451049805,
    "input2_similarities": 0.854049801826477
}