{
    "input1_similarities": 0.4736340343952179,
    "input2_similarities": 0.5213143825531006
}