{
    "input1_similarities": 0.7172955274581909,
    "input2_similarities": 0.8082294464111328
}