{
    "input1_similarities": 0.8692508339881897,
    "input2_similarities": 0.9350250959396362
}