{
    "input1_similarities": 0.6194349527359009,
    "input2_similarities": 0.6474438905715942
}