{
    "input1_similarities": 0.87544846534729,
    "input2_similarities": 0.80220627784729
}