{
    "input1_similarities": 0.9004898071289062,
    "input2_similarities": 0.8932003378868103
}