{
    "input1_similarities": 0.8877078294754028,
    "input2_similarities": 0.8326094150543213
}