{
    "input1_similarities": 0.5012790560722351,
    "input2_similarities": 0.5580236911773682
}