{
    "input1_similarities": 0.9437187910079956,
    "input2_similarities": 0.9481924772262573
}