{
    "input1_similarities": 0.9197820425033569,
    "input2_similarities": 0.8651964068412781
}