{
    "input1_similarities": 0.801118791103363,
    "input2_similarities": 0.8965898156166077
}