{
    "input1_similarities": 0.7557960152626038,
    "input2_similarities": 0.7643468379974365
}