{
    "input1_similarities": 0.8001315593719482,
    "input2_similarities": 0.8277088403701782
}