{
    "input1_similarities": 0.9982346296310425,
    "input2_similarities": 0.999380886554718
}