{
    "input1_similarities": 0.9702361822128296,
    "input2_similarities": 0.9041950106620789
}