{
    "input1_similarities": 0.8342045545578003,
    "input2_similarities": 0.8023433089256287
}