{
    "input1_similarities": 0.9555723667144775,
    "input2_similarities": 0.9596200585365295
}