{
    "input1_similarities": 0.9637534022331238,
    "input2_similarities": 0.9333216547966003
}