{
    "input1_similarities": -0.02244403585791588,
    "input2_similarities": 0.11394746601581573
}