{
    "input1_similarities": 0.8278835415840149,
    "input2_similarities": 0.8122776746749878
}