{
    "input1_similarities": 0.5758633613586426,
    "input2_similarities": 0.6165190935134888
}