{
    "input1_similarities": 0.583284318447113,
    "input2_similarities": 0.7924383878707886
}