{
    "input1_similarities": 0.5045803785324097,
    "input2_similarities": 0.9939903020858765
}