{
    "input1_similarities": 0.8892562389373779,
    "input2_similarities": 0.830635666847229
}