{
    "input1_similarities": 0.8214101791381836,
    "input2_similarities": 0.9189798831939697
}