{
    "input1_similarities": 0.833996057510376,
    "input2_similarities": 0.8432475328445435
}