{
    "input1_similarities": 0.7751557230949402,
    "input2_similarities": 0.903125524520874
}