{
    "input1_similarities": 0.9007269144058228,
    "input2_similarities": 0.7693617343902588
}