{
    "input1_similarities": 0.866249144077301,
    "input2_similarities": 0.8044891953468323
}