{
    "input1_similarities": 0.8427072763442993,
    "input2_similarities": 0.9551180601119995
}