{
    "input1_similarities": 0.9175872206687927,
    "input2_similarities": 0.9269917011260986
}