{
    "input1_similarities": 0.8862196207046509,
    "input2_similarities": 0.6051749587059021
}