{
    "input1_similarities": 0.8784778118133545,
    "input2_similarities": 0.8111101388931274
}