{
    "input1_similarities": 0.9267271757125854,
    "input2_similarities": 0.9049468636512756
}