{
    "input1_similarities": 0.9700518846511841,
    "input2_similarities": 0.9624178409576416
}