{
    "input1_similarities": 0.8816778659820557,
    "input2_similarities": 0.792509138584137
}