{
    "input1_similarities": 0.9534949064254761,
    "input2_similarities": 0.99544358253479
}