{
    "input1_similarities": 0.9968754053115845,
    "input2_similarities": 0.7872897386550903
}