{
    "input1_similarities": 0.8857685923576355,
    "input2_similarities": 0.8181857466697693
}