{
    "input1_similarities": 0.7055565118789673,
    "input2_similarities": 0.8235373497009277
}