{
    "input1_similarities": 0.906476616859436,
    "input2_similarities": 0.9396376609802246
}