{
    "input1_similarities": 0.82900470495224,
    "input2_similarities": 0.8588001728057861
}