{
    "input1_similarities": 0.9108670949935913,
    "input2_similarities": 0.9855031371116638
}