{
    "input1_similarities": 0.9446814656257629,
    "input2_similarities": 0.8707231283187866
}