{
    "input1_similarities": 0.932844877243042,
    "input2_similarities": 0.7304145693778992
}