{
    "input1_similarities": 0.8682757616043091,
    "input2_similarities": 0.9072518348693848
}