{
    "input1_similarities": 0.8791013956069946,
    "input2_similarities": 0.8607231378555298
}