{
    "input1_similarities": 0.7677551507949829,
    "input2_similarities": 0.7111619114875793
}