{
    "input1_similarities": 0.8465361595153809,
    "input2_similarities": 0.7670806646347046
}