{
    "input1_similarities": 0.7633914351463318,
    "input2_similarities": 0.7768632173538208
}