{
    "input1_similarities": 0.6593549251556396,
    "input2_similarities": 0.640870213508606
}