{
    "input1_similarities": 0.5358046293258667,
    "input2_similarities": 0.5475412607192993
}