{
    "input1_similarities": 0.8277968168258667,
    "input2_similarities": 0.8794476985931396
}