{
    "input1_similarities": 0.8489937782287598,
    "input2_similarities": 0.8482847213745117
}