{
    "input1_similarities": 0.4661901593208313,
    "input2_similarities": 0.4475308656692505
}