{
    "input1_similarities": 0.7539159059524536,
    "input2_similarities": 0.869182825088501
}