{
    "input1_similarities": 0.8371766805648804,
    "input2_similarities": 0.8034629225730896
}