{
    "input1_similarities": 0.5587713718414307,
    "input2_similarities": 0.5507134199142456
}