{
    "input1_similarities": 0.8876763582229614,
    "input2_similarities": 0.8913222551345825
}