{
    "input1_similarities": 0.3986920714378357,
    "input2_similarities": 0.3951195478439331
}