{
    "input1_similarities": 0.8428365588188171,
    "input2_similarities": 0.9100959300994873
}