{
    "input1_similarities": 0.885230541229248,
    "input2_similarities": 0.921595573425293
}