{
    "input1_similarities": 0.5657455921173096,
    "input2_similarities": 0.8052381277084351
}