{
    "input1_similarities": 0.8378275632858276,
    "input2_similarities": 0.8817367553710938
}