{
    "input1_similarities": 0.8138636946678162,
    "input2_similarities": 0.9151524901390076
}