{
    "input1_similarities": 0.9219908714294434,
    "input2_similarities": 0.7279767990112305
}