{
    "input1_similarities": 0.6307458877563477,
    "input2_similarities": 0.5761927366256714
}