{
    "input1_similarities": 0.5191966891288757,
    "input2_similarities": 0.4484063386917114
}