{
    "input1_similarities": 0.7308990359306335,
    "input2_similarities": 0.7886550426483154
}