{
    "input1_similarities": 0.8851045370101929,
    "input2_similarities": 0.9397040605545044
}