{
    "input1_similarities": 0.9070194363594055,
    "input2_similarities": 0.9374325275421143
}