{
    "input1_similarities": 0.4544382095336914,
    "input2_similarities": 0.45487019419670105
}