{
    "input1_similarities": 0.8603075742721558,
    "input2_similarities": 0.8935651183128357
}