{
    "input1_similarities": 0.7898520827293396,
    "input2_similarities": 0.8004870414733887
}