{
    "input1_similarities": 0.9333914518356323,
    "input2_similarities": 0.8947347402572632
}