{
    "input1_similarities": 0.4381669759750366,
    "input2_similarities": 0.2955085039138794
}