{
    "input1_similarities": 0.9136107563972473,
    "input2_similarities": 0.9262361526489258
}