{
    "input1_similarities": 0.9131893515586853,
    "input2_similarities": 0.918918788433075
}