{
    "input1_similarities": 0.8717606067657471,
    "input2_similarities": 0.8754969239234924
}