{
    "input1_similarities": 0.8728874921798706,
    "input2_similarities": 0.932052731513977
}