{
    "input1_similarities": 0.8641936182975769,
    "input2_similarities": 0.8673025965690613
}