{
    "input1_similarities": 0.832663357257843,
    "input2_similarities": 0.7897390127182007
}