{
    "input1_similarities": 0.9100387096405029,
    "input2_similarities": 0.8367315530776978
}