{
    "input1_similarities": 0.7921299934387207,
    "input2_similarities": 0.8662925958633423
}