{
    "input1_similarities": 0.9147385358810425,
    "input2_similarities": 0.8945966958999634
}