{
    "input1_similarities": 0.9595615863800049,
    "input2_similarities": 0.9199995994567871
}