{
    "input1_similarities": 0.9458168745040894,
    "input2_similarities": 0.6315758228302002
}