{
    "input1_similarities": 0.7168391346931458,
    "input2_similarities": 0.7676782608032227
}