{
    "input1_similarities": 0.38130250573158264,
    "input2_similarities": 0.3878088593482971
}