{
    "input1_similarities": 0.9264260530471802,
    "input2_similarities": 0.8168761730194092
}