{
    "input1_similarities": 0.8384648561477661,
    "input2_similarities": 0.756563127040863
}