{
    "input1_similarities": 0.8075511455535889,
    "input2_similarities": 0.6789994239807129
}