{
    "input1_similarities": 0.761232852935791,
    "input2_similarities": 0.8458575010299683
}