{
    "input1_similarities": 0.9190223217010498,
    "input2_similarities": 0.9396952390670776
}