{
    "input1_similarities": 0.7351155281066895,
    "input2_similarities": 0.8415668606758118
}