{
    "input1_similarities": 0.5246384143829346,
    "input2_similarities": 0.5689311027526855
}