{
    "input1_similarities": 0.954768180847168,
    "input2_similarities": 0.5606756210327148
}