{
    "input1_similarities": 0.8902568817138672,
    "input2_similarities": 0.822342574596405
}