{
    "input1_similarities": 0.74843829870224,
    "input2_similarities": 0.7852882146835327
}