{
    "input1_similarities": 0.9886946678161621,
    "input2_similarities": 0.9607447981834412
}