{
    "input1_similarities": 0.9547207355499268,
    "input2_similarities": 0.9072175025939941
}