{
    "input1_similarities": 0.9309917688369751,
    "input2_similarities": 0.8993004560470581
}