{
    "input1_similarities": 0.8996090888977051,
    "input2_similarities": 0.8289287090301514
}