{
    "input1_similarities": 0.9762372970581055,
    "input2_similarities": 0.9902857542037964
}