{
    "input1_similarities": 0.6995621919631958,
    "input2_similarities": 0.7893551588058472
}