{
    "input1_similarities": 0.9313963055610657,
    "input2_similarities": 0.8852019309997559
}