{
    "input1_similarities": 0.9337384700775146,
    "input2_similarities": 0.9360523819923401
}