{
    "input1_similarities": 0.6669914126396179,
    "input2_similarities": 0.6001150012016296
}