{
    "input1_similarities": 0.3094351291656494,
    "input2_similarities": 0.2276718020439148
}