{
    "input1_similarities": 0.8902852535247803,
    "input2_similarities": 0.8836349844932556
}