{
    "input1_similarities": 0.7794983983039856,
    "input2_similarities": 0.807105541229248
}