{
    "input1_similarities": 0.8873117566108704,
    "input2_similarities": 0.9451488256454468
}