{
    "input1_similarities": 0.9049558639526367,
    "input2_similarities": 0.7910757660865784
}