{
    "input1_similarities": 0.8641658425331116,
    "input2_similarities": 0.8148614764213562
}