{
    "input1_similarities": 0.8549576997756958,
    "input2_similarities": 0.8346258401870728
}