{
    "input1_similarities": 0.8845875263214111,
    "input2_similarities": 0.7665271759033203
}