{
    "input1_similarities": 0.9171732664108276,
    "input2_similarities": 0.9266728162765503
}