{
    "input1_similarities": 0.7961524724960327,
    "input2_similarities": 0.8706365823745728
}