{
    "input1_similarities": 0.9316654205322266,
    "input2_similarities": 0.9117603302001953
}