{
    "input1_similarities": 0.585268497467041,
    "input2_similarities": 0.6772165894508362
}