{
    "input1_similarities": 0.665056586265564,
    "input2_similarities": 0.8711051940917969
}