{
    "input1_similarities": 0.0880914106965065,
    "input2_similarities": -0.024466615170240402
}