{
    "input1_similarities": 0.8805727958679199,
    "input2_similarities": 0.91409832239151
}