{
    "input1_similarities": 0.8291550874710083,
    "input2_similarities": 0.9247782230377197
}