{
    "input1_similarities": 0.892880916595459,
    "input2_similarities": 0.9758816957473755
}