{
    "input1_similarities": 0.9882291555404663,
    "input2_similarities": 0.9735915660858154
}