{
    "input1_similarities": 0.8824189901351929,
    "input2_similarities": 0.8352056741714478
}