{
    "input1_similarities": 0.8408606052398682,
    "input2_similarities": 0.6841413974761963
}