{
    "input1_similarities": 0.8859170079231262,
    "input2_similarities": 0.9077917337417603
}