{
    "input1_similarities": 0.9117220044136047,
    "input2_similarities": 0.9187614917755127
}