{
    "input1_similarities": 0.3180767297744751,
    "input2_similarities": 0.7097492218017578
}