{
    "input1_similarities": 0.9001870155334473,
    "input2_similarities": 0.9219421744346619
}