{
    "input1_similarities": 0.88959801197052,
    "input2_similarities": 0.853976309299469
}