{
    "input1_similarities": 0.7578006386756897,
    "input2_similarities": 0.8420040607452393
}