{
    "input1_similarities": 0.9283796548843384,
    "input2_similarities": 0.8940098285675049
}