{
    "input1_similarities": 0.881135106086731,
    "input2_similarities": 0.8319876790046692
}