{
    "input1_similarities": 0.8389744758605957,
    "input2_similarities": 0.8484674692153931
}