{
    "input1_similarities": 0.857116162776947,
    "input2_similarities": 0.9058009386062622
}