{
    "input1_similarities": 0.8703340291976929,
    "input2_similarities": 0.8913658857345581
}