{
    "input1_similarities": 0.6985117793083191,
    "input2_similarities": 0.6720647215843201
}