{
    "input1_similarities": 0.7480888962745667,
    "input2_similarities": 0.333810031414032
}