{
    "input1_similarities": 0.7287195324897766,
    "input2_similarities": 0.8304913640022278
}