{
    "input1_similarities": 0.7091966867446899,
    "input2_similarities": 0.8141638040542603
}