{
    "input1_similarities": 0.8565237522125244,
    "input2_similarities": 0.8233222961425781
}