{
    "input1_similarities": 0.9105088114738464,
    "input2_similarities": 0.8908802270889282
}