{
    "input1_similarities": 0.31384098529815674,
    "input2_similarities": 0.30629125237464905
}