{
    "input1_similarities": 0.8117961287498474,
    "input2_similarities": 0.7304920554161072
}