{
    "input1_similarities": 0.9909818172454834,
    "input2_similarities": 0.9849284887313843
}