{
    "input1_similarities": 0.6624435186386108,
    "input2_similarities": 0.5560717582702637
}