{
    "input1_similarities": 0.8390458822250366,
    "input2_similarities": 0.8562430739402771
}