{
    "input1_similarities": 0.7854360938072205,
    "input2_similarities": 0.701025664806366
}