{
    "input1_similarities": 0.7789516448974609,
    "input2_similarities": 0.6201779842376709
}