{
    "input1_similarities": 0.5657079219818115,
    "input2_similarities": 0.7682077884674072
}