{
    "input1_similarities": 0.9167295694351196,
    "input2_similarities": 0.8598222732543945
}