{
    "input1_similarities": 0.809730052947998,
    "input2_similarities": 0.7857906222343445
}