{
    "input1_similarities": 0.6923826336860657,
    "input2_similarities": 0.697431206703186
}