{
    "input1_similarities": 0.7837988138198853,
    "input2_similarities": 0.9041539430618286
}