{
    "input1_similarities": 0.9241762757301331,
    "input2_similarities": 0.8667953014373779
}