{
    "input1_similarities": 0.8809611797332764,
    "input2_similarities": 0.8898177742958069
}