{
    "input1_similarities": 0.8730818629264832,
    "input2_similarities": 0.8576093912124634
}