{
    "input1_similarities": 0.267457515001297,
    "input2_similarities": 0.5162035226821899
}