{
    "input1_similarities": 0.7305068969726562,
    "input2_similarities": 0.906804084777832
}