{
    "input1_similarities": 0.8889833688735962,
    "input2_similarities": 0.8340225219726562
}