{
    "input1_similarities": 0.918325662612915,
    "input2_similarities": 0.7933413982391357
}