{
    "input1_similarities": 0.8824564218521118,
    "input2_similarities": 0.6431518197059631
}