{
    "input1_similarities": 0.9350035190582275,
    "input2_similarities": 0.908298909664154
}