{
    "input1_similarities": 0.7134078741073608,
    "input2_similarities": 0.5802339315414429
}