{
    "input1_similarities": 0.9461172819137573,
    "input2_similarities": 0.8855953812599182
}