{
    "input1_similarities": 0.7758321762084961,
    "input2_similarities": 0.7697544693946838
}