{
    "input1_similarities": 0.1632191389799118,
    "input2_similarities": 0.156401127576828
}