{
    "input1_similarities": 0.5488842725753784,
    "input2_similarities": 0.6680790185928345
}