{
    "input1_similarities": 0.9342015981674194,
    "input2_similarities": 0.9423224329948425
}