{
    "input1_similarities": 0.7514962553977966,
    "input2_similarities": 0.7757639288902283
}