{
    "input1_similarities": 0.9276904463768005,
    "input2_similarities": 0.48562192916870117
}