{
    "input1_similarities": 0.7189327478408813,
    "input2_similarities": 0.9099640846252441
}