{
    "input1_similarities": 0.7354726791381836,
    "input2_similarities": 0.7704768180847168
}