{
    "input1_similarities": 0.45892268419265747,
    "input2_similarities": 0.5713118314743042
}