{
    "input1_similarities": 0.6548693180084229,
    "input2_similarities": 0.8663835525512695
}