{
    "input1_similarities": 0.7548182606697083,
    "input2_similarities": 0.4434804916381836
}