{
    "input1_similarities": 0.9256590604782104,
    "input2_similarities": 0.9453495144844055
}