{
    "input1_similarities": 0.8772529363632202,
    "input2_similarities": 0.8184128999710083
}