{
    "input1_similarities": 0.6153448820114136,
    "input2_similarities": 0.04187389463186264
}