{
    "input1_similarities": 0.8887894153594971,
    "input2_similarities": 0.8574038743972778
}