{
    "input1_similarities": 0.8366612792015076,
    "input2_similarities": 0.7721244692802429
}