{
    "input1_similarities": 0.863031268119812,
    "input2_similarities": 0.8567192554473877
}