{
    "input1_similarities": 0.6784061789512634,
    "input2_similarities": 0.6854360699653625
}