{
    "input1_similarities": 0.8999386429786682,
    "input2_similarities": 0.8679879307746887
}