{
    "input1_similarities": 0.9368866682052612,
    "input2_similarities": 0.8460723757743835
}