{
    "input1_similarities": 0.4001235365867615,
    "input2_similarities": 0.4422639012336731
}