{
    "input1_similarities": 0.8814654350280762,
    "input2_similarities": 0.6154487133026123
}