{
    "input1_similarities": 0.9346730709075928,
    "input2_similarities": 0.9353184103965759
}