{
    "input1_similarities": 0.8386502265930176,
    "input2_similarities": 0.5064871311187744
}