{
    "input1_similarities": 0.7911849021911621,
    "input2_similarities": 0.7112149000167847
}