{
    "input1_similarities": 0.8625019788742065,
    "input2_similarities": 0.9213776588439941
}