{
    "input1_similarities": 0.7640402317047119,
    "input2_similarities": 0.6752979755401611
}