{
    "input1_similarities": 0.6968012452125549,
    "input2_similarities": 0.9124545454978943
}