{
    "input1_similarities": 0.8534954786300659,
    "input2_similarities": 0.8259744048118591
}