{
    "input1_similarities": 0.8964105844497681,
    "input2_similarities": 0.9273780584335327
}