{
    "input1_similarities": 0.8326669931411743,
    "input2_similarities": 0.8789573907852173
}