{
    "input1_similarities": 0.8878472447395325,
    "input2_similarities": 0.9186939001083374
}