{
    "input1_similarities": 0.8769029378890991,
    "input2_similarities": 0.8047729730606079
}