{
    "input1_similarities": 0.45664823055267334,
    "input2_similarities": 0.45510929822921753
}