{
    "input1_similarities": 0.767465353012085,
    "input2_similarities": 0.8012661337852478
}