{
    "input1_similarities": 0.8270112872123718,
    "input2_similarities": 0.7770459651947021
}