{
    "input1_similarities": 0.9282315969467163,
    "input2_similarities": 0.8554526567459106
}