{
    "input1_similarities": 0.7904341816902161,
    "input2_similarities": 0.8521428108215332
}