{
    "input1_similarities": 0.8288149833679199,
    "input2_similarities": 0.7791175842285156
}