{
    "input1_similarities": 0.2873891592025757,
    "input2_similarities": 0.27989208698272705
}