{
    "input1_similarities": 0.7625794410705566,
    "input2_similarities": 0.8655718564987183
}