{
    "input1_similarities": 0.9607656002044678,
    "input2_similarities": 0.9500376582145691
}