{
    "input1_similarities": 0.7419681549072266,
    "input2_similarities": 0.7345996499061584
}