{
    "input1_similarities": 0.8726281523704529,
    "input2_similarities": 0.8786045908927917
}