{
    "input1_similarities": 0.8628385663032532,
    "input2_similarities": 0.7837112545967102
}