{
    "input1_similarities": 0.9404522180557251,
    "input2_similarities": 0.88370680809021
}