{
    "input1_similarities": 0.913148045539856,
    "input2_similarities": 0.8825322389602661
}