{
    "input1_similarities": 0.4899253249168396,
    "input2_similarities": 0.4057832956314087
}