{
    "input1_similarities": 0.8905969858169556,
    "input2_similarities": 0.8153747320175171
}