{
    "input1_similarities": 0.8902280330657959,
    "input2_similarities": 0.802601158618927
}