{
    "input1_similarities": 0.7061710357666016,
    "input2_similarities": 0.8071327209472656
}