{
    "input1_similarities": 0.042057182639837265,
    "input2_similarities": 0.09100987017154694
}