{
    "input1_similarities": 0.748071551322937,
    "input2_similarities": 0.798005998134613
}