{
    "input1_similarities": 0.9404256343841553,
    "input2_similarities": 0.864815354347229
}