{
    "input1_similarities": 0.8882426023483276,
    "input2_similarities": 0.890583336353302
}