{
    "input1_similarities": 0.8262774348258972,
    "input2_similarities": 0.7499150037765503
}