{
    "input1_similarities": 0.8999806642532349,
    "input2_similarities": 0.9425269365310669
}