{
    "input1_similarities": 0.8453738689422607,
    "input2_similarities": 0.8882505893707275
}