{
    "input1_similarities": 0.9472102522850037,
    "input2_similarities": 0.9861118793487549
}