{
    "input1_similarities": 0.8233811855316162,
    "input2_similarities": 0.7528454065322876
}