{
    "input1_similarities": 0.628727376461029,
    "input2_similarities": 0.7495239973068237
}