{
    "input1_similarities": 0.927919864654541,
    "input2_similarities": 0.87290358543396
}