{
    "input1_similarities": 0.8038288354873657,
    "input2_similarities": 0.888265073299408
}