{
    "input1_similarities": 0.9625136852264404,
    "input2_similarities": 0.9499466419219971
}