{
    "input1_similarities": 0.9484423995018005,
    "input2_similarities": 0.8908950686454773
}