{
    "input1_similarities": 0.9784952402114868,
    "input2_similarities": 0.9565041065216064
}