{
    "input1_similarities": 0.9555032253265381,
    "input2_similarities": 0.7913326025009155
}