{
    "input1_similarities": 0.7729383111000061,
    "input2_similarities": 0.8065317273139954
}