{
    "input1_similarities": 0.8493107557296753,
    "input2_similarities": 0.9370377063751221
}