{
    "input1_similarities": 0.9243157505989075,
    "input2_similarities": 0.9406694173812866
}