{
    "input1_similarities": 0.664769172668457,
    "input2_similarities": 0.7756930589675903
}