{
    "input1_similarities": 0.8991079330444336,
    "input2_similarities": 0.897406280040741
}