{
    "input1_similarities": 0.8738259077072144,
    "input2_similarities": 0.9457423686981201
}