{
    "input1_similarities": 0.771649956703186,
    "input2_similarities": 0.8016781806945801
}