{
    "input1_similarities": 0.8731356859207153,
    "input2_similarities": 0.8578052520751953
}