{
    "input1_similarities": 0.5925436615943909,
    "input2_similarities": 0.722628653049469
}