{
    "input1_similarities": 0.6968221664428711,
    "input2_similarities": 0.7310274839401245
}