{
    "input1_similarities": 0.8575352430343628,
    "input2_similarities": 0.8821578025817871
}