{
    "input1_similarities": 0.8954750299453735,
    "input2_similarities": 0.9321088790893555
}