{
    "input1_similarities": 0.639703094959259,
    "input2_similarities": 0.900317907333374
}