{
    "input1_similarities": 0.924242377281189,
    "input2_similarities": 0.8351228833198547
}