{
    "input1_similarities": 0.9251182079315186,
    "input2_similarities": 0.8684498071670532
}