{
    "input1_similarities": 0.9465635418891907,
    "input2_similarities": 0.9696099162101746
}