{
    "input1_similarities": 0.8982659578323364,
    "input2_similarities": 0.8944283723831177
}