{
    "input1_similarities": 0.17131242156028748,
    "input2_similarities": 0.06023331731557846
}