{
    "input1_similarities": 0.9422736167907715,
    "input2_similarities": 0.9006214737892151
}