{
    "input1_similarities": 0.923599362373352,
    "input2_similarities": 0.9448897838592529
}