{
    "input1_similarities": 0.9490466713905334,
    "input2_similarities": 0.9495691061019897
}