{
    "input1_similarities": 0.9234174489974976,
    "input2_similarities": 0.9590659141540527
}