{
    "input1_similarities": 0.7162501215934753,
    "input2_similarities": 0.8763718605041504
}