{
    "input1_similarities": 0.7402017116546631,
    "input2_similarities": 0.8516355752944946
}