{
    "input1_similarities": 0.5087330341339111,
    "input2_similarities": 0.3105674088001251
}