{
    "input1_similarities": 0.5734337568283081,
    "input2_similarities": -0.019977208226919174
}