{
    "input1_similarities": 0.7869950532913208,
    "input2_similarities": 0.8681250214576721
}