{
    "input1_similarities": 0.9136126041412354,
    "input2_similarities": 0.8991047143936157
}