{
    "input1_similarities": 0.6475929021835327,
    "input2_similarities": 0.7537533640861511
}