{
    "input1_similarities": 0.8396207094192505,
    "input2_similarities": 0.8376978635787964
}