{
    "input1_similarities": 0.8762418031692505,
    "input2_similarities": 0.7698384523391724
}