{
    "input1_similarities": 0.8265929222106934,
    "input2_similarities": 0.8401118516921997
}