{
    "input1_similarities": 0.8227096796035767,
    "input2_similarities": 0.7294778823852539
}