{
    "input1_similarities": 0.740695595741272,
    "input2_similarities": 0.8820990920066833
}