{
    "input1_similarities": 0.4088301658630371,
    "input2_similarities": 0.5502845048904419
}