{
    "input1_similarities": 0.9065105319023132,
    "input2_similarities": 0.9512152671813965
}