{
    "input1_similarities": 0.813713014125824,
    "input2_similarities": 0.8649364113807678
}