{
    "input1_similarities": 0.8612658977508545,
    "input2_similarities": 0.8663068413734436
}