{
    "input1_similarities": 0.20462064445018768,
    "input2_similarities": 0.12623819708824158
}