{
    "input1_similarities": 0.9255892038345337,
    "input2_similarities": 0.8982045650482178
}