{
    "input1_similarities": 0.8959811925888062,
    "input2_similarities": 0.9569990634918213
}