{
    "input1_similarities": 0.7321069240570068,
    "input2_similarities": 0.8061714768409729
}