{
    "input1_similarities": 0.5655540227890015,
    "input2_similarities": 0.551228404045105
}