{
    "input1_similarities": 0.2724730968475342,
    "input2_similarities": 0.044650956988334656
}