{
    "input1_similarities": 0.7456530332565308,
    "input2_similarities": 0.8824272155761719
}