{
    "input1_similarities": 0.7568359971046448,
    "input2_similarities": 0.7592710852622986
}