{
    "input1_similarities": 0.9369658827781677,
    "input2_similarities": 0.9605467319488525
}