{
    "input1_similarities": 0.8174285888671875,
    "input2_similarities": 0.7882559299468994
}