{
    "input1_similarities": 0.888268232345581,
    "input2_similarities": 0.877606213092804
}