{
    "input1_similarities": 0.8319516181945801,
    "input2_similarities": 0.7778396606445312
}