{
    "input1_similarities": 0.938913881778717,
    "input2_similarities": 0.9281237125396729
}