{
    "input1_similarities": 0.7804028987884521,
    "input2_similarities": 0.7628405690193176
}