{
    "input1_similarities": 0.9493268728256226,
    "input2_similarities": 0.9250592589378357
}