{
    "input1_similarities": 0.31095442175865173,
    "input2_similarities": 0.24515092372894287
}