{
    "input1_similarities": 0.9165937304496765,
    "input2_similarities": 0.8638776540756226
}