{
    "input1_similarities": 0.7763047218322754,
    "input2_similarities": 0.7447484731674194
}