{
    "input1_similarities": 0.6422547101974487,
    "input2_similarities": 0.7303964495658875
}