{
    "input1_similarities": 0.9161410331726074,
    "input2_similarities": 0.9230348467826843
}