{
    "input1_similarities": 0.9233710765838623,
    "input2_similarities": 0.7447885274887085
}