{
    "input1_similarities": 0.8764150142669678,
    "input2_similarities": 0.8928444385528564
}