{
    "input1_similarities": 0.9356170892715454,
    "input2_similarities": 0.895220935344696
}