{
    "input1_similarities": 0.9215719699859619,
    "input2_similarities": 0.9007794260978699
}