{
    "input1_similarities": 0.7820483446121216,
    "input2_similarities": 0.8715583086013794
}