{
    "input1_similarities": 0.809376060962677,
    "input2_similarities": 0.8062115907669067
}