{
    "input1_similarities": 0.1682191640138626,
    "input2_similarities": 0.09801946580410004
}