{
    "input1_similarities": 0.9167546033859253,
    "input2_similarities": 0.8234490752220154
}