{
    "input1_similarities": 0.719611644744873,
    "input2_similarities": 0.7793600559234619
}