{
    "input1_similarities": 0.8597809672355652,
    "input2_similarities": 0.9107874631881714
}