{
    "input1_similarities": 0.7829302549362183,
    "input2_similarities": 0.7893595695495605
}