{
    "input1_similarities": 0.9026632308959961,
    "input2_similarities": 0.8509984612464905
}