{
    "input1_similarities": 0.9822500944137573,
    "input2_similarities": 0.8167439699172974
}