{
    "input1_similarities": 0.8680754899978638,
    "input2_similarities": 0.6549950838088989
}