{
    "input1_similarities": 0.8894420862197876,
    "input2_similarities": 0.9270210266113281
}