{
    "input1_similarities": 0.8713440895080566,
    "input2_similarities": 0.7758681774139404
}