{
    "input1_similarities": 0.9920699000358582,
    "input2_similarities": 0.9580122232437134
}