{
    "input1_similarities": 0.9264348745346069,
    "input2_similarities": 0.7077922821044922
}