{
    "input1_similarities": 0.9012940526008606,
    "input2_similarities": 0.8478603363037109
}