{
    "input1_similarities": 0.8645069599151611,
    "input2_similarities": 0.880502462387085
}