{
    "input1_similarities": 0.8055207133293152,
    "input2_similarities": 0.8895864486694336
}