{
    "input1_similarities": 0.9203473925590515,
    "input2_similarities": 0.8186667561531067
}