{
    "input1_similarities": 0.9094098806381226,
    "input2_similarities": 0.8446274995803833
}