{
    "input1_similarities": 0.9393898248672485,
    "input2_similarities": 0.9529944658279419
}