{
    "input1_similarities": 0.9543807506561279,
    "input2_similarities": 0.7469040155410767
}