{
    "input1_similarities": 0.8590700626373291,
    "input2_similarities": 0.8795045614242554
}