{
    "input1_similarities": 0.8474159240722656,
    "input2_similarities": 0.8305869102478027
}