{
    "input1_similarities": 0.9721073508262634,
    "input2_similarities": 0.9708064794540405
}