{
    "input1_similarities": 0.8086751699447632,
    "input2_similarities": 0.49727779626846313
}