{
    "input1_similarities": 0.9289242625236511,
    "input2_similarities": 0.8763366341590881
}