{
    "input1_similarities": 0.7950124740600586,
    "input2_similarities": 0.7874883413314819
}