{
    "input1_similarities": 0.9414888620376587,
    "input2_similarities": 0.692669153213501
}