{
    "input1_similarities": 0.9693492650985718,
    "input2_similarities": 0.9745129346847534
}