{
    "input1_similarities": 0.8137229681015015,
    "input2_similarities": 0.8635181188583374
}