{
    "input1_similarities": 0.49554896354675293,
    "input2_similarities": 0.8271353840827942
}