{
    "input1_similarities": 0.12927788496017456,
    "input2_similarities": 0.1095193475484848
}