{
    "input1_similarities": 0.6684343814849854,
    "input2_similarities": 0.8161474466323853
}