{
    "input1_similarities": 0.8968631625175476,
    "input2_similarities": 0.8994637727737427
}