{
    "input1_similarities": 0.8769083023071289,
    "input2_similarities": 0.8273382186889648
}