{
    "input1_similarities": 0.8050262928009033,
    "input2_similarities": 0.9349052906036377
}