{
    "input1_similarities": 0.8416141867637634,
    "input2_similarities": 0.9243650436401367
}