{
    "input1_similarities": 0.3042858839035034,
    "input2_similarities": 0.23463448882102966
}