{
    "input1_similarities": 0.7642976641654968,
    "input2_similarities": 0.8616743087768555
}