{
    "input1_similarities": 0.7781209945678711,
    "input2_similarities": 0.787541389465332
}