{
    "input1_similarities": 0.8447893857955933,
    "input2_similarities": 0.8060147166252136
}