{
    "input1_similarities": 0.6593751311302185,
    "input2_similarities": 0.7911635637283325
}