{
    "input1_similarities": 0.8839701414108276,
    "input2_similarities": 0.8544716835021973
}