{
    "input1_similarities": 0.9456945657730103,
    "input2_similarities": 0.933704137802124
}