{
    "input1_similarities": 0.7626950740814209,
    "input2_similarities": 0.797072172164917
}