{
    "input1_similarities": 0.7155294418334961,
    "input2_similarities": 0.7468670606613159
}