{
    "input1_similarities": 0.875238299369812,
    "input2_similarities": 0.8671296834945679
}