{
    "input1_similarities": 0.9572499394416809,
    "input2_similarities": 0.939226508140564
}