{
    "input1_similarities": 0.9320158958435059,
    "input2_similarities": 0.8506985902786255
}