{
    "input1_similarities": 0.8055549263954163,
    "input2_similarities": 0.7645612955093384
}