{
    "input1_similarities": 0.8973386883735657,
    "input2_similarities": 0.8225785493850708
}