{
    "input1_similarities": 0.860493004322052,
    "input2_similarities": 0.9206589460372925
}