{
    "input1_similarities": 0.7265239357948303,
    "input2_similarities": 0.6276166439056396
}