{
    "input1_similarities": 0.8810093998908997,
    "input2_similarities": 0.7521721124649048
}