{
    "input1_similarities": 0.9382320642471313,
    "input2_similarities": 0.8953561782836914
}