{
    "input1_similarities": 0.8586662411689758,
    "input2_similarities": 0.9575369358062744
}