{
    "input1_similarities": 0.7073636054992676,
    "input2_similarities": 0.8131524324417114
}