{
    "input1_similarities": 0.8861289620399475,
    "input2_similarities": 0.906700849533081
}