{
    "input1_similarities": 0.44416069984436035,
    "input2_similarities": 0.6358005404472351
}