{
    "input1_similarities": 0.8846769332885742,
    "input2_similarities": 0.684842586517334
}