{
    "input1_similarities": 0.7378758192062378,
    "input2_similarities": 0.8147146701812744
}