{
    "input1_similarities": 0.966474711894989,
    "input2_similarities": 0.9671425223350525
}