{
    "input1_similarities": 0.9138092994689941,
    "input2_similarities": 0.8651677370071411
}