{
    "input1_similarities": 0.8198932409286499,
    "input2_similarities": 0.8418776988983154
}