{
    "input1_similarities": 0.5389929413795471,
    "input2_similarities": 0.7644570469856262
}