{
    "input1_similarities": 0.7724809646606445,
    "input2_similarities": 0.8310624361038208
}