{
    "input1_similarities": 0.13102145493030548,
    "input2_similarities": 0.07082342356443405
}