{
    "input1_similarities": 0.6985244154930115,
    "input2_similarities": 0.6285185813903809
}