{
    "input1_similarities": 0.8839089870452881,
    "input2_similarities": 0.9193185567855835
}