{
    "input1_similarities": 0.8376342058181763,
    "input2_similarities": 0.9254457354545593
}