{
    "input1_similarities": 0.8214645385742188,
    "input2_similarities": 0.7453839778900146
}