{
    "input1_similarities": 0.8738783597946167,
    "input2_similarities": 0.8293184638023376
}