{
    "input1_similarities": 0.935430645942688,
    "input2_similarities": 0.9326991438865662
}