{
    "input1_similarities": 0.714357852935791,
    "input2_similarities": 0.7827974557876587
}