{
    "input1_similarities": 0.8204034566879272,
    "input2_similarities": 0.7912076115608215
}