{
    "input1_similarities": 0.7616400718688965,
    "input2_similarities": 0.7862690687179565
}