{
    "input1_similarities": 0.9357719421386719,
    "input2_similarities": 0.8575814962387085
}