{
    "input1_similarities": 0.8978700637817383,
    "input2_similarities": 0.6532580852508545
}