{
    "input1_similarities": 0.9280081987380981,
    "input2_similarities": 0.8637537956237793
}