{
    "input1_similarities": 0.8341770172119141,
    "input2_similarities": 0.8282812833786011
}