{
    "input1_similarities": 0.8528921604156494,
    "input2_similarities": 0.8299117684364319
}