{
    "input1_similarities": 0.2052224576473236,
    "input2_similarities": 0.1513746976852417
}