{
    "input1_similarities": 0.9405826330184937,
    "input2_similarities": 0.8911252617835999
}