{
    "input1_similarities": 0.8574573993682861,
    "input2_similarities": 0.8685129284858704
}