{
    "input1_similarities": 0.9257572889328003,
    "input2_similarities": 0.8898857831954956
}