{
    "input1_similarities": 0.8055679798126221,
    "input2_similarities": 0.7269309759140015
}