{
    "input1_similarities": 0.746826171875,
    "input2_similarities": 0.6502169370651245
}