{
    "input1_similarities": 0.8433289527893066,
    "input2_similarities": 0.8553118705749512
}