{
    "input1_similarities": 0.6559112071990967,
    "input2_similarities": 0.7593555450439453
}