{
    "input1_similarities": 0.9151231646537781,
    "input2_similarities": 0.9213048815727234
}