{
    "input1_similarities": 0.788337230682373,
    "input2_similarities": 0.7262266278266907
}