{
    "input1_similarities": 0.9662023782730103,
    "input2_similarities": 0.8607674837112427
}