{
    "input1_similarities": 0.9329619407653809,
    "input2_similarities": 0.8871815204620361
}