{
    "input1_similarities": 0.6922812461853027,
    "input2_similarities": 0.8300439119338989
}