{
    "input1_similarities": 0.8938025236129761,
    "input2_similarities": 0.8792098760604858
}