{
    "input1_similarities": 0.7644708156585693,
    "input2_similarities": 0.8851961493492126
}