{
    "input1_similarities": 0.7794134616851807,
    "input2_similarities": 0.8413932919502258
}