{
    "input1_similarities": 0.9178152084350586,
    "input2_similarities": 0.7851215600967407
}