{
    "input1_similarities": 0.5852853059768677,
    "input2_similarities": 0.693600058555603
}