{
    "input1_similarities": 0.878970742225647,
    "input2_similarities": 0.7466866374015808
}