{
    "input1_similarities": 0.9199674129486084,
    "input2_similarities": 0.9617775678634644
}