{
    "input1_similarities": 0.9322758913040161,
    "input2_similarities": 0.9054651260375977
}