{
    "input1_similarities": 0.9115335941314697,
    "input2_similarities": 0.9394240379333496
}