{
    "input1_similarities": 0.39650893211364746,
    "input2_similarities": 0.36671528220176697
}