{
    "input1_similarities": 0.48907244205474854,
    "input2_similarities": 0.46198582649230957
}