{
    "input1_similarities": 0.10877017676830292,
    "input2_similarities": 0.8084577322006226
}