{
    "input1_similarities": 0.6843409538269043,
    "input2_similarities": 0.8379465937614441
}