{
    "input1_similarities": 0.7793474197387695,
    "input2_similarities": 0.9346221089363098
}