{
    "input1_similarities": 0.8775014877319336,
    "input2_similarities": 0.9551756381988525
}