{
    "input1_similarities": 0.8021594285964966,
    "input2_similarities": 0.9444526433944702
}