{
    "input1_similarities": 0.7454370856285095,
    "input2_similarities": 0.7473655939102173
}