{
    "input1_similarities": 0.9136950373649597,
    "input2_similarities": 0.9379489421844482
}