{
    "input1_similarities": 0.9111733436584473,
    "input2_similarities": 0.8709433674812317
}