{
    "input1_similarities": -0.004563984926789999,
    "input2_similarities": -0.02543582394719124
}