{
    "input1_similarities": 0.9565808773040771,
    "input2_similarities": 0.9226357340812683
}