{
    "input1_similarities": 0.9993687868118286,
    "input2_similarities": 0.9637105464935303
}