{
    "input1_similarities": 0.9406442642211914,
    "input2_similarities": 0.8212155103683472
}