{
    "input1_similarities": 0.7224947214126587,
    "input2_similarities": 0.8122251033782959
}