{
    "input1_similarities": 0.9531570672988892,
    "input2_similarities": 0.9391434192657471
}