{
    "input1_similarities": 0.7893182039260864,
    "input2_similarities": 0.9480262398719788
}