{
    "input1_similarities": 0.8078658580780029,
    "input2_similarities": 0.5791206359863281
}