{
    "input1_similarities": 0.7117353677749634,
    "input2_similarities": 0.9195247888565063
}