{
    "input1_similarities": 0.7862914204597473,
    "input2_similarities": 0.6721883416175842
}