{
    "input1_similarities": 0.8521617650985718,
    "input2_similarities": 0.8876133561134338
}