{
    "input1_similarities": 0.714736819267273,
    "input2_similarities": 0.8170977234840393
}