{
    "input1_similarities": 0.4472115635871887,
    "input2_similarities": 0.8792335391044617
}