{
    "input1_similarities": 0.8258944749832153,
    "input2_similarities": 0.8416229486465454
}