{
    "input1_similarities": 0.8886681795120239,
    "input2_similarities": 0.8371433019638062
}