{
    "input1_similarities": 0.8753066062927246,
    "input2_similarities": 0.8499599695205688
}