{
    "input1_similarities": 0.672927975654602,
    "input2_similarities": 0.6778478622436523
}