{
    "input1_similarities": 0.848767876625061,
    "input2_similarities": 0.5465520620346069
}