{
    "input1_similarities": 0.8485158085823059,
    "input2_similarities": 0.9152791500091553
}