{
    "input1_similarities": 0.849754810333252,
    "input2_similarities": 0.8997890949249268
}