{
    "input1_similarities": 0.8793702721595764,
    "input2_similarities": 0.8515782356262207
}