{
    "input1_similarities": 0.8963115215301514,
    "input2_similarities": 0.8403063416481018
}