{
    "input1_similarities": 0.9494060277938843,
    "input2_similarities": 0.8661786913871765
}