{
    "input1_similarities": 0.8430867195129395,
    "input2_similarities": 0.899486780166626
}