{
    "input1_similarities": 0.7831225395202637,
    "input2_similarities": 0.8966940641403198
}