{
    "input1_similarities": 0.8103424310684204,
    "input2_similarities": 0.7307563424110413
}