{
    "input1_similarities": 0.9211472272872925,
    "input2_similarities": 0.9103522300720215
}