{
    "input1_similarities": 0.9161068201065063,
    "input2_similarities": 0.8393341302871704
}