{
    "input1_similarities": 0.9892701506614685,
    "input2_similarities": 0.9861282110214233
}