{
    "input1_similarities": 0.7557828426361084,
    "input2_similarities": 0.7724288702011108
}