{
    "input1_similarities": 0.6899206638336182,
    "input2_similarities": 0.5975726246833801
}