{
    "input1_similarities": 0.9221683740615845,
    "input2_similarities": 0.9353051781654358
}