{
    "input1_similarities": 0.9023488759994507,
    "input2_similarities": 0.9442212581634521
}