{
    "input1_similarities": 0.8292455673217773,
    "input2_similarities": 0.8339886665344238
}