{
    "input1_similarities": 0.8928521871566772,
    "input2_similarities": 0.6258872151374817
}