{
    "input1_similarities": 0.9027139544487,
    "input2_similarities": 0.688555896282196
}