{
    "input1_similarities": 0.7375229597091675,
    "input2_similarities": 0.682787299156189
}