{
    "input1_similarities": 0.9326724410057068,
    "input2_similarities": 0.9296278357505798
}