{
    "input1_similarities": 0.626116156578064,
    "input2_similarities": 0.6355706453323364
}