{
    "input1_similarities": 0.9628704190254211,
    "input2_similarities": 0.7620715498924255
}