{
    "input1_similarities": 0.9213159084320068,
    "input2_similarities": 0.7982788681983948
}