{
    "input1_similarities": 0.41081252694129944,
    "input2_similarities": 0.5299899578094482
}