{
    "input1_similarities": 0.8698073625564575,
    "input2_similarities": 0.882904589176178
}