{
    "input1_similarities": 0.2769491672515869,
    "input2_similarities": 0.31313207745552063
}