{
    "input1_similarities": 0.6301898956298828,
    "input2_similarities": 0.5014090538024902
}