{
    "input1_similarities": 0.6570385694503784,
    "input2_similarities": 0.5868860483169556
}