{
    "input1_similarities": 0.8724199533462524,
    "input2_similarities": 0.9207941293716431
}