{
    "input1_similarities": 0.5982190370559692,
    "input2_similarities": 0.6352849006652832
}