{
    "input1_similarities": 0.8144257068634033,
    "input2_similarities": 0.8173515796661377
}