{
    "input1_similarities": 0.675957441329956,
    "input2_similarities": 0.7013845443725586
}