{
    "input1_similarities": 0.8928368091583252,
    "input2_similarities": 0.9197761416435242
}