{
    "input1_similarities": 0.82359778881073,
    "input2_similarities": 0.8111105561256409
}