{
    "input1_similarities": 0.879714846611023,
    "input2_similarities": 0.8645272254943848
}