{
    "input1_similarities": 0.8322709798812866,
    "input2_similarities": 0.8501594662666321
}