{
    "input1_similarities": 0.7924404144287109,
    "input2_similarities": 0.8962297439575195
}