{
    "input1_similarities": 0.8378715515136719,
    "input2_similarities": 0.9113084077835083
}