{
    "input1_similarities": 0.8755179643630981,
    "input2_similarities": 0.9452593922615051
}