{
    "input1_similarities": 0.8759840726852417,
    "input2_similarities": 0.8605576157569885
}