{
    "input1_similarities": 0.8247714042663574,
    "input2_similarities": 0.29227596521377563
}