{
    "input1_similarities": 0.5422986745834351,
    "input2_similarities": 0.46869659423828125
}