{
    "input1_similarities": 0.8949699401855469,
    "input2_similarities": 0.8196311593055725
}