{
    "input1_similarities": 0.8506771922111511,
    "input2_similarities": 0.8274965286254883
}