{
    "input1_similarities": 0.8526906967163086,
    "input2_similarities": 0.8483313322067261
}