{
    "input1_similarities": 0.7612887620925903,
    "input2_similarities": 0.6284430623054504
}