{
    "input1_similarities": -0.06607325375080109,
    "input2_similarities": -0.0717557817697525
}