{
    "input1_similarities": 0.9381266832351685,
    "input2_similarities": 0.9168049693107605
}