{
    "input1_similarities": 0.8452904224395752,
    "input2_similarities": 0.8627743721008301
}