{
    "input1_similarities": 0.9278468489646912,
    "input2_similarities": 0.9185777306556702
}