{
    "input1_similarities": 0.9157677888870239,
    "input2_similarities": 0.8882968425750732
}