{
    "input1_similarities": 0.8277047276496887,
    "input2_similarities": 0.909608006477356
}