{
    "input1_similarities": 0.916494607925415,
    "input2_similarities": 0.9227579236030579
}