{
    "input1_similarities": 0.7773251533508301,
    "input2_similarities": 0.9163217544555664
}