{
    "input1_similarities": 0.9471668004989624,
    "input2_similarities": 0.9283667802810669
}