{
    "input1_similarities": 0.8763993978500366,
    "input2_similarities": 0.8358867764472961
}