{
    "input1_similarities": 0.9384840130805969,
    "input2_similarities": 0.9206738471984863
}