{
    "input1_similarities": 0.8693790435791016,
    "input2_similarities": 0.8705952167510986
}