{
    "input1_similarities": 0.9924482703208923,
    "input2_similarities": 0.9954972267150879
}