{
    "input1_similarities": 0.8992190957069397,
    "input2_similarities": 0.8795261979103088
}