{
    "input1_similarities": 0.8302788138389587,
    "input2_similarities": 0.8499712347984314
}