{
    "input1_similarities": 0.888947606086731,
    "input2_similarities": 0.8007780909538269
}