{
    "input1_similarities": 0.2696872651576996,
    "input2_similarities": 0.28396129608154297
}