{
    "input1_similarities": 0.8804057836532593,
    "input2_similarities": 0.8010392189025879
}