{
    "input1_similarities": 0.9617218971252441,
    "input2_similarities": 0.9361898303031921
}