{
    "input1_similarities": 0.7960382699966431,
    "input2_similarities": 0.7799234390258789
}