{
    "input1_similarities": 0.49550366401672363,
    "input2_similarities": 0.8128458261489868
}