{
    "input1_similarities": 0.3805254101753235,
    "input2_similarities": 0.8223862051963806
}