{
    "input1_similarities": 0.9187572002410889,
    "input2_similarities": 0.9077600240707397
}