{
    "input1_similarities": 0.7244764566421509,
    "input2_similarities": 0.692612886428833
}