{
    "input1_similarities": 0.8385573029518127,
    "input2_similarities": 0.8914961814880371
}