{
    "input1_similarities": 0.7342276573181152,
    "input2_similarities": 0.9307944774627686
}