{
    "input1_similarities": 0.9232470393180847,
    "input2_similarities": 0.8942095041275024
}