{
    "input1_similarities": 0.9590257406234741,
    "input2_similarities": 0.9145412445068359
}