{
    "input1_similarities": 0.775204062461853,
    "input2_similarities": 0.8527222871780396
}