{
    "input1_similarities": 0.04903775081038475,
    "input2_similarities": 0.07404965162277222
}