{
    "input1_similarities": 0.915881872177124,
    "input2_similarities": 0.9165366888046265
}