{
    "input1_similarities": 0.8275254368782043,
    "input2_similarities": 0.7814021110534668
}