{
    "input1_similarities": 0.9095815420150757,
    "input2_similarities": 0.9500840902328491
}