{
    "input1_similarities": 0.7484707236289978,
    "input2_similarities": 0.9731014370918274
}