{
    "input1_similarities": 0.5738563537597656,
    "input2_similarities": 0.6357025504112244
}