{
    "input1_similarities": 0.6295678615570068,
    "input2_similarities": 0.8476065397262573
}