{
    "input1_similarities": 0.4344198703765869,
    "input2_similarities": 0.45117634534835815
}