{
    "input1_similarities": 0.8926186561584473,
    "input2_similarities": 0.8567341566085815
}