{
    "input1_similarities": 0.7983170747756958,
    "input2_similarities": 0.7661473155021667
}