{
    "input1_similarities": 0.09885910153388977,
    "input2_similarities": 0.6260191798210144
}