{
    "input1_similarities": 0.8530498147010803,
    "input2_similarities": 0.7585424184799194
}