{
    "input1_similarities": 0.926669716835022,
    "input2_similarities": 0.9188584685325623
}