{
    "input1_similarities": 0.7191205024719238,
    "input2_similarities": 0.6430062055587769
}