{
    "input1_similarities": 0.673546552658081,
    "input2_similarities": 0.7436717748641968
}