{
    "input1_similarities": 0.9305821061134338,
    "input2_similarities": 0.8695189356803894
}