{
    "input1_similarities": 0.8169718980789185,
    "input2_similarities": 0.7701276540756226
}