{
    "input1_similarities": 0.897418737411499,
    "input2_similarities": 0.9442380666732788
}