{
    "input1_similarities": 0.9184637665748596,
    "input2_similarities": 0.8305253982543945
}