{
    "input1_similarities": 0.8479515314102173,
    "input2_similarities": 0.9599269032478333
}