{
    "input1_similarities": 0.5190935730934143,
    "input2_similarities": 0.5678794980049133
}