{
    "input1_similarities": 0.8410336375236511,
    "input2_similarities": 0.7620234489440918
}