{
    "input1_similarities": 0.901617169380188,
    "input2_similarities": 0.8685213923454285
}