{
    "input1_similarities": 0.86314457654953,
    "input2_similarities": 0.8876374363899231
}