{
    "input1_similarities": 0.8378783464431763,
    "input2_similarities": 0.8703193068504333
}