{
    "input1_similarities": 0.6267879009246826,
    "input2_similarities": 0.8175480365753174
}