{
    "input1_similarities": 0.8411710858345032,
    "input2_similarities": 0.9427254796028137
}