{
    "input1_similarities": 0.9441678524017334,
    "input2_similarities": 0.9548092484474182
}