{
    "input1_similarities": 0.8831735849380493,
    "input2_similarities": 0.8734954595565796
}