{
    "input1_similarities": 0.3870179355144501,
    "input2_similarities": 0.4609498381614685
}