{
    "input1_similarities": 0.9184247255325317,
    "input2_similarities": 0.9359208345413208
}