{
    "input1_similarities": 0.9216443300247192,
    "input2_similarities": 0.8123612403869629
}