{
    "input1_similarities": 0.45373857021331787,
    "input2_similarities": 0.08607097715139389
}