{
    "input1_similarities": 0.946220874786377,
    "input2_similarities": 0.7868361473083496
}