{
    "input1_similarities": 0.8192826509475708,
    "input2_similarities": 0.7130310535430908
}