{
    "input1_similarities": 0.929207444190979,
    "input2_similarities": 0.9634348154067993
}