{
    "input1_similarities": 0.921122670173645,
    "input2_similarities": 0.6534816026687622
}