{
    "input1_similarities": 0.9533584117889404,
    "input2_similarities": 0.7446788549423218
}