{
    "input1_similarities": 0.8909227252006531,
    "input2_similarities": 0.6154913902282715
}