{
    "input1_similarities": 0.6885651350021362,
    "input2_similarities": 0.6756239533424377
}