{
    "input1_similarities": 0.8634597063064575,
    "input2_similarities": 0.9014945030212402
}