{
    "input1_similarities": 0.8813885450363159,
    "input2_similarities": 0.7719336748123169
}