{
    "input1_similarities": 0.8581030368804932,
    "input2_similarities": 0.4918842315673828
}