{
    "input1_similarities": 0.9844410419464111,
    "input2_similarities": 0.9041184186935425
}