{
    "input1_similarities": 0.7035894989967346,
    "input2_similarities": 0.74657142162323
}