{
    "input1_similarities": 0.7431477904319763,
    "input2_similarities": 0.7925798296928406
}