{
    "input1_similarities": 0.9536111950874329,
    "input2_similarities": 0.9169217348098755
}