{
    "input1_similarities": 0.5194246172904968,
    "input2_similarities": 0.5226024389266968
}