{
    "input1_similarities": 0.9466845989227295,
    "input2_similarities": 0.9214056730270386
}