{
    "input1_similarities": 0.7171053290367126,
    "input2_similarities": 0.8696906566619873
}