{
    "input1_similarities": 0.9047960042953491,
    "input2_similarities": 0.8101310729980469
}