{
    "input1_similarities": 0.8481510877609253,
    "input2_similarities": 0.7574548721313477
}