{
    "input1_similarities": 0.6568728685379028,
    "input2_similarities": 0.491047203540802
}