{
    "input1_similarities": 0.9981752634048462,
    "input2_similarities": 0.920527458190918
}