{
    "input1_similarities": 0.9319486618041992,
    "input2_similarities": 0.8637505769729614
}