{
    "input1_similarities": 0.6880638599395752,
    "input2_similarities": 0.6989231705665588
}