{
    "input1_similarities": 0.8985165953636169,
    "input2_similarities": 0.8801568150520325
}