{
    "input1_similarities": 0.8536620140075684,
    "input2_similarities": 0.8329753875732422
}