{
    "input1_similarities": 0.7775729894638062,
    "input2_similarities": 0.8772544860839844
}