{
    "input1_similarities": 0.9921587705612183,
    "input2_similarities": 0.9566763639450073
}