{
    "input1_similarities": 0.915755033493042,
    "input2_similarities": 0.9369552135467529
}