{
    "input1_similarities": 0.9032332897186279,
    "input2_similarities": 0.8879604339599609
}