{
    "input1_similarities": 0.8750630617141724,
    "input2_similarities": 0.9074424505233765
}