{
    "input1_similarities": 0.8090938925743103,
    "input2_similarities": 0.6299211382865906
}