{
    "input1_similarities": 0.3525407612323761,
    "input2_similarities": 0.4296531677246094
}