{
    "input1_similarities": 0.7348955869674683,
    "input2_similarities": 0.7227582335472107
}