{
    "input1_similarities": 0.5949645042419434,
    "input2_similarities": 0.7582290172576904
}