{
    "input1_similarities": 0.8432012796401978,
    "input2_similarities": 0.9227759838104248
}