{
    "input1_similarities": 0.3875553011894226,
    "input2_similarities": 0.7265975475311279
}