{
    "input1_similarities": 0.7293553948402405,
    "input2_similarities": 0.6931929588317871
}