{
    "input1_similarities": 0.2996985912322998,
    "input2_similarities": 0.34433960914611816
}