{
    "input1_similarities": 0.8927826881408691,
    "input2_similarities": 0.9088424444198608
}