{
    "input1_similarities": 0.7679792046546936,
    "input2_similarities": 0.8731368780136108
}