{
    "input1_similarities": 0.7915372848510742,
    "input2_similarities": 1.0000001192092896
}