{
    "input1_similarities": 0.2588862180709839,
    "input2_similarities": 0.8926804065704346
}