{
    "input1_similarities": 0.945712149143219,
    "input2_similarities": 0.7845925092697144
}