{
    "input1_similarities": 0.9665111899375916,
    "input2_similarities": 0.891255795955658
}