{
    "input1_similarities": 0.8768354654312134,
    "input2_similarities": 0.8049416542053223
}