{
    "input1_similarities": 0.7770184278488159,
    "input2_similarities": 0.7582980990409851
}