{
    "input1_similarities": 0.9102295637130737,
    "input2_similarities": 0.91697096824646
}