{
    "input1_similarities": 0.5190880298614502,
    "input2_similarities": 0.8663047552108765
}