{
    "input1_similarities": 0.4846901595592499,
    "input2_similarities": 0.6805171370506287
}