{
    "input1_similarities": 0.9108213186264038,
    "input2_similarities": 0.9311280250549316
}