{
    "input1_similarities": 0.9428612589836121,
    "input2_similarities": 0.927116334438324
}