{
    "input1_similarities": 0.8413565158843994,
    "input2_similarities": 0.97808837890625
}