{
    "input1_similarities": 0.9297803044319153,
    "input2_similarities": 0.8315368890762329
}