{
    "input1_similarities": 0.8447279334068298,
    "input2_similarities": 0.8933346271514893
}