{
    "input1_similarities": 0.6247865557670593,
    "input2_similarities": 0.6577366590499878
}