{
    "input1_similarities": 0.6192470788955688,
    "input2_similarities": 0.5445002913475037
}