{
    "input1_similarities": 0.8112105131149292,
    "input2_similarities": 0.7640664577484131
}