{
    "input1_similarities": 0.9185189604759216,
    "input2_similarities": 0.9262048602104187
}