{
    "input1_similarities": 0.8738829493522644,
    "input2_similarities": 0.9101229310035706
}