{
    "input1_similarities": 0.9525845050811768,
    "input2_similarities": 0.8271930813789368
}