{
    "input1_similarities": 0.8276641964912415,
    "input2_similarities": 0.7392653226852417
}