{
    "input1_similarities": 0.9474529027938843,
    "input2_similarities": 0.9092909693717957
}