{
    "input1_similarities": 0.8805029988288879,
    "input2_similarities": 0.9274499416351318
}