{
    "input1_similarities": 0.7535206079483032,
    "input2_similarities": 0.7403278946876526
}