{
    "input1_similarities": 0.6913880109786987,
    "input2_similarities": 0.8864389061927795
}