{
    "input1_similarities": 0.6901527643203735,
    "input2_similarities": 0.732438325881958
}