{
    "input1_similarities": 0.1738722026348114,
    "input2_similarities": 0.15531565248966217
}