{
    "input1_similarities": 0.5950852632522583,
    "input2_similarities": 0.5016165971755981
}