{
    "input1_similarities": 0.9501211047172546,
    "input2_similarities": 0.9865997433662415
}