{
    "input1_similarities": 0.8891873359680176,
    "input2_similarities": 0.8242464065551758
}