{
    "input1_similarities": 0.6898645162582397,
    "input2_similarities": 0.43384850025177
}