{
    "input1_similarities": 0.11858566105365753,
    "input2_similarities": -0.059762582182884216
}