{
    "input1_similarities": 0.7328881621360779,
    "input2_similarities": 0.6280476450920105
}