{
    "input1_similarities": 0.928573489189148,
    "input2_similarities": 0.884391188621521
}