{
    "input1_similarities": 0.9050633907318115,
    "input2_similarities": 0.9072409272193909
}