{
    "input1_similarities": 0.7557487487792969,
    "input2_similarities": 0.8987797498703003
}