{
    "input1_similarities": 0.9213034510612488,
    "input2_similarities": 0.9152774214744568
}