{
    "input1_similarities": 0.7669622898101807,
    "input2_similarities": 0.7775888442993164
}