{
    "input1_similarities": 0.8053571581840515,
    "input2_similarities": 0.836841344833374
}