{
    "input1_similarities": 0.8344089984893799,
    "input2_similarities": 0.6826152801513672
}