{
    "input1_similarities": 0.7308027148246765,
    "input2_similarities": 0.6460515856742859
}