{
    "input1_similarities": 0.8029770851135254,
    "input2_similarities": 0.7317500114440918
}