{
    "input1_similarities": 0.7183685302734375,
    "input2_similarities": 0.7471804618835449
}