{
    "input1_similarities": 0.9001491665840149,
    "input2_similarities": 0.8626658916473389
}