{
    "input1_similarities": 0.6916050910949707,
    "input2_similarities": 0.7644903659820557
}