{
    "input1_similarities": 0.6919461488723755,
    "input2_similarities": 0.7641241550445557
}