{
    "input1_similarities": 0.8885645866394043,
    "input2_similarities": 0.849193274974823
}