{
    "input1_similarities": 0.9175245761871338,
    "input2_similarities": 0.9548920392990112
}