{
    "input1_similarities": 0.9237736463546753,
    "input2_similarities": 0.8279629945755005
}