{
    "input1_similarities": 0.8288086652755737,
    "input2_similarities": 0.9034417867660522
}