{
    "input1_similarities": 0.8531053066253662,
    "input2_similarities": 0.8613479137420654
}