{
    "input1_similarities": 0.9103551506996155,
    "input2_similarities": 0.8813623785972595
}