{
    "input1_similarities": 0.8287554383277893,
    "input2_similarities": 0.9656505584716797
}