{
    "input1_similarities": 0.915224015712738,
    "input2_similarities": 0.8928523659706116
}