{
    "input1_similarities": 0.8849878311157227,
    "input2_similarities": 0.9127030372619629
}