{
    "input1_similarities": 0.6136693954467773,
    "input2_similarities": 0.7057338953018188
}