{
    "input1_similarities": 0.9972876310348511,
    "input2_similarities": 0.9913507699966431
}