{
    "input1_similarities": 0.8198564052581787,
    "input2_similarities": 0.9151779413223267
}