{
    "input1_similarities": 0.76133131980896,
    "input2_similarities": 0.6165284514427185
}