{
    "input1_similarities": 0.3264126181602478,
    "input2_similarities": 0.2658567726612091
}