{
    "input1_similarities": 0.7079498767852783,
    "input2_similarities": 0.7611392140388489
}