{
    "input1_similarities": 0.6571561098098755,
    "input2_similarities": 0.7297639846801758
}