{
    "input1_similarities": 0.8595883250236511,
    "input2_similarities": 0.841815710067749
}