{
    "input1_similarities": 0.8592379093170166,
    "input2_similarities": 0.8799540996551514
}