{
    "input1_similarities": 0.8213193416595459,
    "input2_similarities": 0.8474161028862
}