{
    "input1_similarities": 0.8738420009613037,
    "input2_similarities": 0.8984514474868774
}