{
    "input1_similarities": 0.14565010368824005,
    "input2_similarities": 0.16978837549686432
}