{
    "input1_similarities": 0.9541122913360596,
    "input2_similarities": 0.7723930478096008
}