{
    "input1_similarities": 0.9225864410400391,
    "input2_similarities": 0.9072816371917725
}