{
    "input1_similarities": 0.9922026991844177,
    "input2_similarities": 0.989977240562439
}