{
    "input1_similarities": 0.9590715169906616,
    "input2_similarities": 0.9300059080123901
}