{
    "input1_similarities": 0.5927130579948425,
    "input2_similarities": 0.6712661981582642
}