{
    "input1_similarities": 0.8913600444793701,
    "input2_similarities": 0.8437897562980652
}