{
    "input1_similarities": 0.650091290473938,
    "input2_similarities": 0.6424016356468201
}