{
    "input1_similarities": 0.8036456108093262,
    "input2_similarities": 0.8226431608200073
}