{
    "input1_similarities": 0.8789215683937073,
    "input2_similarities": 0.7856829762458801
}