{
    "input1_similarities": 0.9127172827720642,
    "input2_similarities": 0.7178781032562256
}