{
    "input1_similarities": 0.7632225751876831,
    "input2_similarities": 0.7128581404685974
}