{
    "input1_similarities": 0.3142741918563843,
    "input2_similarities": 0.23327359557151794
}