{
    "input1_similarities": 0.8826923966407776,
    "input2_similarities": 0.9450092911720276
}