{
    "input1_similarities": 0.8281347751617432,
    "input2_similarities": 0.8831547498703003
}