{
    "input1_similarities": 0.8172158598899841,
    "input2_similarities": 0.5262941718101501
}