{
    "input1_similarities": 0.934708833694458,
    "input2_similarities": 0.8825271129608154
}