{
    "input1_similarities": 0.8740593791007996,
    "input2_similarities": 0.919071614742279
}