{
    "input1_similarities": 0.931877851486206,
    "input2_similarities": 0.9333805441856384
}