{
    "input1_similarities": 0.8476017117500305,
    "input2_similarities": 0.8743836879730225
}