{
    "input1_similarities": 0.8946406841278076,
    "input2_similarities": 0.779620885848999
}