{
    "input1_similarities": 0.7115715146064758,
    "input2_similarities": 0.8025317788124084
}