{
    "input1_similarities": 0.3668854236602783,
    "input2_similarities": 0.360177606344223
}