{
    "input1_similarities": 0.886793315410614,
    "input2_similarities": 0.8812893033027649
}