{
    "input1_similarities": 0.9215569496154785,
    "input2_similarities": 0.9217401742935181
}