{
    "input1_similarities": 0.9232383370399475,
    "input2_similarities": 0.954753041267395
}