{
    "input1_similarities": 0.4249240458011627,
    "input2_similarities": 0.4669750928878784
}