{
    "input1_similarities": 0.42660099267959595,
    "input2_similarities": 0.47256144881248474
}