{
    "input1_similarities": 0.7480754256248474,
    "input2_similarities": 0.8555004000663757
}