{
    "input1_similarities": 0.9187204837799072,
    "input2_similarities": 0.9499504566192627
}