{
    "input1_similarities": 0.8436145186424255,
    "input2_similarities": 0.727718710899353
}