{
    "input1_similarities": 0.7917098999023438,
    "input2_similarities": 0.9029043912887573
}