{
    "input1_similarities": 0.8923707008361816,
    "input2_similarities": 0.8266596794128418
}