{
    "input1_similarities": 0.9461186528205872,
    "input2_similarities": 0.9161479473114014
}