{
    "input1_similarities": 0.798219621181488,
    "input2_similarities": 0.9147223234176636
}