{
    "input1_similarities": 0.9191883206367493,
    "input2_similarities": 0.9416085481643677
}