{
    "input1_similarities": 0.8324837684631348,
    "input2_similarities": 0.8509316444396973
}