{
    "input1_similarities": 0.9337234497070312,
    "input2_similarities": 0.9064623713493347
}