{
    "input1_similarities": 0.6650896072387695,
    "input2_similarities": 0.6769841909408569
}