{
    "input1_similarities": 0.9055685997009277,
    "input2_similarities": 0.8899189829826355
}