{
    "input1_similarities": 0.929273784160614,
    "input2_similarities": 0.8752604722976685
}