{
    "input1_similarities": 0.9740850925445557,
    "input2_similarities": 0.8931542634963989
}