{
    "input1_similarities": 0.830437183380127,
    "input2_similarities": 0.5487582087516785
}