{
    "input1_similarities": 0.956478476524353,
    "input2_similarities": 0.9611752033233643
}