{
    "input1_similarities": 0.9136303663253784,
    "input2_similarities": 0.94626784324646
}