{
    "input1_similarities": 0.8724604845046997,
    "input2_similarities": 0.8709314465522766
}