{
    "input1_similarities": 0.899688184261322,
    "input2_similarities": 0.9196414947509766
}