{
    "input1_similarities": 0.9085477590560913,
    "input2_similarities": 0.49346429109573364
}