{
    "input1_similarities": 0.6909390687942505,
    "input2_similarities": 0.6909390687942505
}