{
    "input1_similarities": 0.5047879219055176,
    "input2_similarities": 0.6482751369476318
}