{
    "input1_similarities": 0.5413833260536194,
    "input2_similarities": 0.9931955337524414
}