{
    "input1_similarities": 0.9409888982772827,
    "input2_similarities": 0.9029572010040283
}