{
    "input1_similarities": 0.838437557220459,
    "input2_similarities": 0.8538415431976318
}