{
    "input1_similarities": 0.9573692083358765,
    "input2_similarities": 0.907001256942749
}