{
    "input1_similarities": 0.945600152015686,
    "input2_similarities": 0.8930517435073853
}