{
    "input1_similarities": 0.7317639589309692,
    "input2_similarities": 0.7865772247314453
}