{
    "input1_similarities": 0.7743638157844543,
    "input2_similarities": 0.717926561832428
}