{
    "input1_similarities": 0.746503472328186,
    "input2_similarities": 0.7330782413482666
}