{
    "input1_similarities": 0.9421454071998596,
    "input2_similarities": 0.8668867945671082
}