{
    "input1_similarities": 0.08813325315713882,
    "input2_similarities": 0.09943316876888275
}