{
    "input1_similarities": 0.7336854934692383,
    "input2_similarities": 0.8662451505661011
}