{
    "input1_similarities": 0.9646906852722168,
    "input2_similarities": 0.8823343515396118
}