{
    "input1_similarities": 0.957339882850647,
    "input2_similarities": 0.8488291501998901
}