{
    "input1_similarities": 0.9326736330986023,
    "input2_similarities": 0.9128617644309998
}