{
    "input1_similarities": 0.23791122436523438,
    "input2_similarities": 0.2084934115409851
}