{
    "input1_similarities": 0.986383855342865,
    "input2_similarities": 0.9579445123672485
}