{
    "input1_similarities": 0.9728289246559143,
    "input2_similarities": 0.9063701033592224
}