{
    "input1_similarities": 0.9294977188110352,
    "input2_similarities": 0.9048829078674316
}