{
    "input1_similarities": 0.9109362363815308,
    "input2_similarities": 0.824164867401123
}