{
    "input1_similarities": 0.8096005916595459,
    "input2_similarities": 0.9514738321304321
}