{
    "input1_similarities": 0.7448064088821411,
    "input2_similarities": 0.7474977970123291
}