{
    "input1_similarities": 0.7329690456390381,
    "input2_similarities": 0.4440006911754608
}