{
    "input1_similarities": 0.8039310574531555,
    "input2_similarities": 0.2359396368265152
}