{
    "input1_similarities": 0.9542179703712463,
    "input2_similarities": 0.9543156027793884
}