{
    "input1_similarities": 0.8850448131561279,
    "input2_similarities": 0.9168112277984619
}