{
    "input1_similarities": 0.7719211578369141,
    "input2_similarities": 0.807774543762207
}