{
    "input1_similarities": 0.3760121464729309,
    "input2_similarities": 0.3264836072921753
}