{
    "input1_similarities": 0.663009524345398,
    "input2_similarities": 0.8981856107711792
}