{
    "input1_similarities": 0.5268847942352295,
    "input2_similarities": 0.4137924909591675
}