{
    "input1_similarities": 0.7586616277694702,
    "input2_similarities": 0.9209649562835693
}