{
    "input1_similarities": 0.9119433760643005,
    "input2_similarities": 0.939197838306427
}