{
    "input1_similarities": 0.24032621085643768,
    "input2_similarities": 1.0000001192092896
}