{
    "input1_similarities": 0.9556034803390503,
    "input2_similarities": 0.6030898094177246
}