{
    "input1_similarities": 0.5904451608657837,
    "input2_similarities": 0.6239707469940186
}