{
    "input1_similarities": 0.930809497833252,
    "input2_similarities": 0.959796667098999
}