{
    "input1_similarities": 0.6648305654525757,
    "input2_similarities": 0.5079417824745178
}