{
    "input1_similarities": 0.9099624752998352,
    "input2_similarities": 0.9407361745834351
}