{
    "input1_similarities": 0.7907521724700928,
    "input2_similarities": 0.8339775204658508
}