{
    "input1_similarities": 0.7719136476516724,
    "input2_similarities": 0.5438262224197388
}