{
    "input1_similarities": 0.7458178997039795,
    "input2_similarities": 0.805928647518158
}