{
    "input1_similarities": 0.9424620866775513,
    "input2_similarities": 0.8048095107078552
}