{
    "input1_similarities": 0.7172411680221558,
    "input2_similarities": 0.6157541275024414
}