{
    "input1_similarities": 0.8449620008468628,
    "input2_similarities": 0.8319598436355591
}