{
    "input1_similarities": 0.7954021692276001,
    "input2_similarities": 0.9493914246559143
}