{
    "input1_similarities": 0.7248591184616089,
    "input2_similarities": 0.6292899250984192
}