{
    "input1_similarities": 0.6248611211776733,
    "input2_similarities": 0.7153477072715759
}