{
    "input1_similarities": 0.6421760320663452,
    "input2_similarities": 0.7959095239639282
}