{
    "input1_similarities": -0.06884904950857162,
    "input2_similarities": -0.050107214599847794
}