{
    "input1_similarities": 0.6550995707511902,
    "input2_similarities": 0.7688891887664795
}