{
    "input1_similarities": 0.8437048196792603,
    "input2_similarities": 0.8250365257263184
}