{
    "input1_similarities": 0.3121553063392639,
    "input2_similarities": 0.24721351265907288
}