{
    "input1_similarities": 0.9236748218536377,
    "input2_similarities": 0.9215081334114075
}