{
    "input1_similarities": 0.9147859215736389,
    "input2_similarities": 0.9628630876541138
}