{
    "input1_similarities": 0.9278831481933594,
    "input2_similarities": 0.8940061330795288
}