{
    "input1_similarities": 0.8082637786865234,
    "input2_similarities": 0.8005062341690063
}