{
    "input1_similarities": 0.7638449668884277,
    "input2_similarities": 0.8803224563598633
}