{
    "input1_similarities": 0.8538607954978943,
    "input2_similarities": 0.9889655709266663
}