{
    "input1_similarities": 0.6024848222732544,
    "input2_similarities": 0.6470307111740112
}