{
    "input1_similarities": 0.7981098890304565,
    "input2_similarities": 0.830015242099762
}