{
    "input1_similarities": 0.7113651633262634,
    "input2_similarities": 0.7914696931838989
}