{
    "input1_similarities": 0.23194240033626556,
    "input2_similarities": 0.2117546796798706
}