{
    "input1_similarities": 0.9687340259552002,
    "input2_similarities": 0.9501889944076538
}