{
    "input1_similarities": 0.8853226900100708,
    "input2_similarities": 0.8863710165023804
}