{
    "input1_similarities": 0.8941024541854858,
    "input2_similarities": 0.9637712836265564
}