{
    "input1_similarities": 0.9052789211273193,
    "input2_similarities": 0.9031121134757996
}