{
    "input1_similarities": 0.837842583656311,
    "input2_similarities": 0.8464491367340088
}