{
    "input1_similarities": 0.007893988862633705,
    "input2_similarities": 0.957107663154602
}