{
    "input1_similarities": 0.9130973815917969,
    "input2_similarities": 0.9338470697402954
}