{
    "input1_similarities": 0.8192477822303772,
    "input2_similarities": 0.8928086161613464
}