{
    "input1_similarities": 0.27300864458084106,
    "input2_similarities": 0.5120190978050232
}