{
    "input1_similarities": 0.5337815284729004,
    "input2_similarities": 0.4225374162197113
}