{
    "input1_similarities": 0.9361327886581421,
    "input2_similarities": 0.9754083156585693
}