{
    "input1_similarities": 0.7980780601501465,
    "input2_similarities": 0.766645073890686
}