{
    "input1_similarities": 0.611717700958252,
    "input2_similarities": 0.5531758666038513
}