{
    "input1_similarities": 0.8356648683547974,
    "input2_similarities": 0.9915229082107544
}