{
    "input1_similarities": 0.9162602424621582,
    "input2_similarities": 0.9044148921966553
}