{
    "input1_similarities": 0.9546542167663574,
    "input2_similarities": 0.9180892109870911
}