{
    "input1_similarities": 0.7137893438339233,
    "input2_similarities": 0.8007968664169312
}