{
    "input1_similarities": 0.795783281326294,
    "input2_similarities": 0.8105125427246094
}