{
    "input1_similarities": 0.9788750410079956,
    "input2_similarities": 0.982562780380249
}