{
    "input1_similarities": 0.772163987159729,
    "input2_similarities": 0.6715997457504272
}