{
    "input1_similarities": 0.8900174498558044,
    "input2_similarities": 0.8925840258598328
}