{
    "input1_similarities": 0.9095568656921387,
    "input2_similarities": 0.8625946044921875
}