{
    "input1_similarities": 0.8235462307929993,
    "input2_similarities": 0.8892878293991089
}