{
    "input1_similarities": 0.8870921730995178,
    "input2_similarities": 0.8520646095275879
}