{
    "input1_similarities": 0.8599560260772705,
    "input2_similarities": 0.8644149303436279
}