{
    "input1_similarities": 0.9623055458068848,
    "input2_similarities": 0.9380896091461182
}