{
    "input1_similarities": 0.9035099148750305,
    "input2_similarities": 0.9058575630187988
}