{
    "input1_similarities": 0.24100574851036072,
    "input2_similarities": 0.30111104249954224
}