{
    "input1_similarities": 0.8000375032424927,
    "input2_similarities": 0.8130642771720886
}