{
    "input1_similarities": 0.9565040469169617,
    "input2_similarities": 0.9584864377975464
}