{
    "input1_similarities": 0.9535537958145142,
    "input2_similarities": 0.7892494201660156
}