{
    "input1_similarities": 0.908557653427124,
    "input2_similarities": 0.9262850284576416
}