{
    "input1_similarities": 0.8477619886398315,
    "input2_similarities": 0.7869287729263306
}