{
    "input1_similarities": 0.7547070980072021,
    "input2_similarities": 0.753433346748352
}