{
    "input1_similarities": 0.7735373377799988,
    "input2_similarities": 0.760767936706543
}