{
    "input1_similarities": 0.8852770328521729,
    "input2_similarities": 0.810249388217926
}