{
    "input1_similarities": 0.937949538230896,
    "input2_similarities": 0.9325329661369324
}