{
    "input1_similarities": 0.3390932083129883,
    "input2_similarities": 0.5028852224349976
}