{
    "input1_similarities": 0.6404495239257812,
    "input2_similarities": 0.4955671727657318
}