{
    "input1_similarities": 0.8842614889144897,
    "input2_similarities": 0.8723957538604736
}