{
    "input1_similarities": 0.9368536472320557,
    "input2_similarities": 0.8784970045089722
}