{
    "input1_similarities": 0.8893588781356812,
    "input2_similarities": 0.9265009164810181
}