{
    "input1_similarities": 0.7060483694076538,
    "input2_similarities": 0.7262629270553589
}