{
    "input1_similarities": 0.781528890132904,
    "input2_similarities": 0.8048019409179688
}