{
    "input1_similarities": 0.8257227540016174,
    "input2_similarities": 0.8357390761375427
}