{
    "input1_similarities": 0.4218822121620178,
    "input2_similarities": 0.5865968465805054
}