{
    "input1_similarities": 0.5698027610778809,
    "input2_similarities": 0.8644503355026245
}