{
    "input1_similarities": 0.9603981375694275,
    "input2_similarities": 0.976813554763794
}