{
    "input1_similarities": 0.2690874934196472,
    "input2_similarities": 0.2959859073162079
}