{
    "input1_similarities": 0.4755394458770752,
    "input2_similarities": 0.5474777221679688
}