{
    "input1_similarities": 0.988528847694397,
    "input2_similarities": 0.4938018023967743
}