{
    "input1_similarities": 0.8454194068908691,
    "input2_similarities": 0.8536965847015381
}