{
    "input1_similarities": 0.597551167011261,
    "input2_similarities": 0.9177402257919312
}