{
    "input1_similarities": 0.6996673345565796,
    "input2_similarities": 0.9508850574493408
}