{
    "input1_similarities": 0.8767465353012085,
    "input2_similarities": 0.8779973983764648
}