{
    "input1_similarities": 0.7925729751586914,
    "input2_similarities": 0.9109127521514893
}