{
    "input1_similarities": 0.8963087797164917,
    "input2_similarities": 0.8166416883468628
}