{
    "input1_similarities": 0.8323180079460144,
    "input2_similarities": 0.9485297203063965
}