{
    "input1_similarities": 0.9371585249900818,
    "input2_similarities": 0.8696756958961487
}