{
    "input1_similarities": 0.9169472455978394,
    "input2_similarities": 0.9320080876350403
}