{
    "input1_similarities": 0.7234824895858765,
    "input2_similarities": 0.8293362855911255
}