{
    "input1_similarities": 0.8372384309768677,
    "input2_similarities": 0.9282693266868591
}