{
    "input1_similarities": 0.9325753450393677,
    "input2_similarities": 0.8747599720954895
}