{
    "input1_similarities": 0.9088536500930786,
    "input2_similarities": 0.871673583984375
}