{
    "input1_similarities": 0.713701605796814,
    "input2_similarities": 0.8841621279716492
}