{
    "input1_similarities": 0.8605977296829224,
    "input2_similarities": 0.8440696597099304
}