{
    "input1_similarities": 0.9230692386627197,
    "input2_similarities": 0.8941028714179993
}