{
    "input1_similarities": 0.880878746509552,
    "input2_similarities": 0.8619124889373779
}