{
    "input1_similarities": 0.7112593650817871,
    "input2_similarities": 0.8945803642272949
}