{
    "input1_similarities": 0.8338686227798462,
    "input2_similarities": 0.8656599521636963
}