{
    "input1_similarities": 0.9984562397003174,
    "input2_similarities": 0.9665094614028931
}