{
    "input1_similarities": 0.9244210124015808,
    "input2_similarities": 0.908014178276062
}