{
    "input1_similarities": 0.8575378656387329,
    "input2_similarities": 0.7626585960388184
}