{
    "input1_similarities": 0.8800048828125,
    "input2_similarities": 0.9118311405181885
}