{
    "input1_similarities": 0.9257596731185913,
    "input2_similarities": 0.9782853722572327
}