{
    "input1_similarities": 0.5580198168754578,
    "input2_similarities": 0.7667619585990906
}