{
    "input1_similarities": 0.8913204669952393,
    "input2_similarities": 0.8556011915206909
}