{
    "input1_similarities": 0.8658459186553955,
    "input2_similarities": 0.8907225728034973
}