{
    "input1_similarities": 0.0875164270401001,
    "input2_similarities": 0.11192579567432404
}