{
    "input1_similarities": 0.7351659536361694,
    "input2_similarities": 0.783173680305481
}