{
    "input1_similarities": 0.9751847982406616,
    "input2_similarities": 0.9500916004180908
}