{
    "input1_similarities": 0.7344233393669128,
    "input2_similarities": 0.7762770652770996
}