{
    "input1_similarities": 0.9352098107337952,
    "input2_similarities": 0.9500727653503418
}