{
    "input1_similarities": 0.8873317837715149,
    "input2_similarities": 0.8904471397399902
}