{
    "input1_similarities": 0.8966198563575745,
    "input2_similarities": 0.9018064737319946
}