{
    "input1_similarities": 0.8435388803482056,
    "input2_similarities": 0.8492574095726013
}