{
    "input1_similarities": 0.8329758644104004,
    "input2_similarities": 0.8123047351837158
}