{
    "input1_similarities": 0.680870532989502,
    "input2_similarities": 0.9611847996711731
}