{
    "input1_similarities": 0.876594066619873,
    "input2_similarities": 0.8446023464202881
}