{
    "input1_similarities": 0.0782342478632927,
    "input2_similarities": 0.08496952056884766
}