{
    "input1_similarities": 0.7505490779876709,
    "input2_similarities": 0.5953006744384766
}