{
    "input1_similarities": 0.8672538995742798,
    "input2_similarities": 0.7922356128692627
}