{
    "input1_similarities": 0.9256998300552368,
    "input2_similarities": 0.9270337224006653
}