{
    "input1_similarities": 0.3667028248310089,
    "input2_similarities": 0.29356494545936584
}