{
    "input1_similarities": 0.9060667753219604,
    "input2_similarities": 0.8128076791763306
}