{
    "input1_similarities": 0.6901735663414001,
    "input2_similarities": 0.5848866701126099
}