{
    "input1_similarities": 0.761785089969635,
    "input2_similarities": 0.894618570804596
}