{
    "input1_similarities": 0.5544216632843018,
    "input2_similarities": 1.0000001192092896
}