{
    "input1_similarities": 0.5992677211761475,
    "input2_similarities": 0.6941298842430115
}