{
    "input1_similarities": 0.7334977984428406,
    "input2_similarities": 0.6227124929428101
}