{
    "input1_similarities": 0.8169623613357544,
    "input2_similarities": 0.855660080909729
}