{
    "input1_similarities": 0.9327653646469116,
    "input2_similarities": 0.7653748989105225
}