{
    "input1_similarities": 0.8184285163879395,
    "input2_similarities": 0.8671459555625916
}