{
    "input1_similarities": 0.5025810599327087,
    "input2_similarities": 0.47034820914268494
}