{
    "input1_similarities": 0.8600955009460449,
    "input2_similarities": 0.6049714088439941
}