{
    "input1_similarities": 0.1638646423816681,
    "input2_similarities": 0.20283886790275574
}