{
    "input1_similarities": 0.7307989597320557,
    "input2_similarities": 0.7757932543754578
}