{
    "input1_similarities": 0.8737533688545227,
    "input2_similarities": 0.7495339512825012
}