{
    "input1_similarities": 0.645583987236023,
    "input2_similarities": 0.8644369840621948
}