{
    "input1_similarities": 0.2455464005470276,
    "input2_similarities": 0.3286270499229431
}