{
    "input1_similarities": 0.8475770950317383,
    "input2_similarities": 0.8967207670211792
}