{
    "input1_similarities": 0.9524646997451782,
    "input2_similarities": 0.9033634662628174
}