{
    "input1_similarities": 0.8819675445556641,
    "input2_similarities": 0.8926494121551514
}