{
    "input1_similarities": 0.19491258263587952,
    "input2_similarities": 0.7471802234649658
}