{
    "input1_similarities": 0.8545161485671997,
    "input2_similarities": 0.797343909740448
}