{
    "input1_similarities": 0.6793747544288635,
    "input2_similarities": 0.7140293121337891
}