{
    "input1_similarities": 0.9082850217819214,
    "input2_similarities": 0.9635676145553589
}