{
    "input1_similarities": 0.8115284442901611,
    "input2_similarities": 0.6224957704544067
}