{
    "input1_similarities": 0.9975969195365906,
    "input2_similarities": 0.9887294173240662
}