{
    "input1_similarities": 0.44592350721359253,
    "input2_similarities": 0.5250600576400757
}