{
    "input1_similarities": 0.8658541440963745,
    "input2_similarities": 0.8979954719543457
}