{
    "input1_similarities": 0.45501792430877686,
    "input2_similarities": 0.46152421832084656
}