{
    "input1_similarities": 0.8879506587982178,
    "input2_similarities": 0.9326741695404053
}