{
    "input1_similarities": 0.8645607233047485,
    "input2_similarities": 0.8821958303451538
}