{
    "input1_similarities": 0.8730748295783997,
    "input2_similarities": 0.6009792685508728
}