{
    "input1_similarities": 0.7713955044746399,
    "input2_similarities": 0.7429866790771484
}