{
    "input1_similarities": 0.8517662286758423,
    "input2_similarities": 0.9053201675415039
}