{
    "input1_similarities": 0.9459565281867981,
    "input2_similarities": 0.8922325372695923
}