{
    "input1_similarities": 0.9027872085571289,
    "input2_similarities": 0.8941588997840881
}