{
    "input1_similarities": 0.850010097026825,
    "input2_similarities": 0.7971440553665161
}