{
    "input1_similarities": 0.10417962074279785,
    "input2_similarities": 0.44303375482559204
}