{
    "input1_similarities": 0.7794163227081299,
    "input2_similarities": 0.8400952816009521
}