{
    "input1_similarities": 0.3797428011894226,
    "input2_similarities": 0.19284780323505402
}