{
    "input1_similarities": 0.6284028887748718,
    "input2_similarities": 0.6692766547203064
}