{
    "input1_similarities": 0.6409170031547546,
    "input2_similarities": 0.7013756036758423
}