{
    "input1_similarities": 0.9286422729492188,
    "input2_similarities": 0.9200262427330017
}