{
    "input1_similarities": 0.7994928359985352,
    "input2_similarities": 0.6217991709709167
}