{
    "input1_similarities": 0.5604259967803955,
    "input2_similarities": 0.608795166015625
}