{
    "input1_similarities": 0.9309036731719971,
    "input2_similarities": 0.7986587882041931
}