{
    "input1_similarities": 0.9212199449539185,
    "input2_similarities": 0.9163248538970947
}