{
    "input1_similarities": 0.8023765683174133,
    "input2_similarities": 0.8613266944885254
}