{
    "input1_similarities": 0.8578907251358032,
    "input2_similarities": 0.7786493897438049
}