{
    "input1_similarities": 0.6359108686447144,
    "input2_similarities": 0.45390263199806213
}