{
    "input1_similarities": 0.1439979374408722,
    "input2_similarities": 0.18228916823863983
}