{
    "input1_similarities": 0.8714644908905029,
    "input2_similarities": 0.9337123036384583
}