{
    "input1_similarities": 0.8134762048721313,
    "input2_similarities": 0.7249389886856079
}