{
    "input1_similarities": 0.843032956123352,
    "input2_similarities": 0.7709763050079346
}