{
    "input1_similarities": 0.8926854729652405,
    "input2_similarities": 0.8592608571052551
}