{
    "input1_similarities": 0.8081525564193726,
    "input2_similarities": 0.9306749105453491
}