{
    "input1_similarities": 0.9609503746032715,
    "input2_similarities": 0.9671545028686523
}