{
    "input1_similarities": 0.9084705710411072,
    "input2_similarities": 0.888380765914917
}