{
    "input1_similarities": 0.8858250379562378,
    "input2_similarities": 0.8210744261741638
}