{
    "input1_similarities": 0.22671553492546082,
    "input2_similarities": 0.6521095037460327
}