{
    "input1_similarities": 0.05893886089324951,
    "input2_similarities": 0.5659629106521606
}