{
    "input1_similarities": 0.9611330032348633,
    "input2_similarities": 0.9729280471801758
}