{
    "input1_similarities": 0.8435036540031433,
    "input2_similarities": 0.8562498688697815
}