{
    "input1_similarities": 0.892375111579895,
    "input2_similarities": 0.9098193645477295
}