{
    "input1_similarities": 0.8921413421630859,
    "input2_similarities": 0.8459550142288208
}