{
    "input1_similarities": 0.3320213556289673,
    "input2_similarities": 0.6937698721885681
}