{
    "input1_similarities": 0.8430389165878296,
    "input2_similarities": 0.8412055969238281
}