{
    "input1_similarities": 0.8226752281188965,
    "input2_similarities": 0.8476567268371582
}