{
    "input1_similarities": 0.7724605202674866,
    "input2_similarities": 0.8327401876449585
}