{
    "input1_similarities": 0.4882393479347229,
    "input2_similarities": 0.6219797134399414
}