{
    "input1_similarities": 0.9075635671615601,
    "input2_similarities": 0.9266728162765503
}