{
    "input1_similarities": 0.8975310325622559,
    "input2_similarities": 0.9358856678009033
}