{
    "input1_similarities": 0.7509427070617676,
    "input2_similarities": 0.6331226825714111
}