{
    "input1_similarities": 0.8488914966583252,
    "input2_similarities": 0.9065970182418823
}