{
    "input1_similarities": 0.7649156451225281,
    "input2_similarities": 0.6040763258934021
}