{
    "input1_similarities": 0.8730740547180176,
    "input2_similarities": 0.8590617179870605
}