{
    "input1_similarities": 0.9959738254547119,
    "input2_similarities": 0.42590075731277466
}