{
    "input1_similarities": 0.9500360488891602,
    "input2_similarities": 0.919081449508667
}