{
    "input1_similarities": 0.7911709547042847,
    "input2_similarities": 0.859647810459137
}