{
    "input1_similarities": 0.4071425795555115,
    "input2_similarities": 0.41871535778045654
}