{
    "input1_similarities": 0.8933085799217224,
    "input2_similarities": 0.8784669041633606
}