{
    "input1_similarities": 0.8866419792175293,
    "input2_similarities": 0.8988021612167358
}