{
    "input1_similarities": 0.6758370399475098,
    "input2_similarities": 0.6341474056243896
}