{
    "input1_similarities": 0.9384573698043823,
    "input2_similarities": 0.8785295486450195
}