{
    "input1_similarities": 0.9546090364456177,
    "input2_similarities": 0.8740788698196411
}