{
    "input1_similarities": 0.6889675855636597,
    "input2_similarities": 0.7198728322982788
}