{
    "input1_similarities": 0.6617780923843384,
    "input2_similarities": 0.5101760625839233
}