{
    "input1_similarities": 0.8980852365493774,
    "input2_similarities": 0.9622504711151123
}