{
    "input1_similarities": 0.9425151348114014,
    "input2_similarities": 0.9657253623008728
}