{
    "input1_similarities": 0.9276294708251953,
    "input2_similarities": 0.8847938776016235
}