{
    "input1_similarities": 0.9530144333839417,
    "input2_similarities": 0.9084148406982422
}