{
    "input1_similarities": 0.9442684650421143,
    "input2_similarities": 0.9442684650421143
}