{
    "input1_similarities": 0.9154893159866333,
    "input2_similarities": 0.9979276657104492
}