{
    "input1_similarities": 0.9001151323318481,
    "input2_similarities": 0.9591857194900513
}