{
    "input1_similarities": 0.8748736381530762,
    "input2_similarities": 0.9645460247993469
}