{
    "input1_similarities": 0.936463475227356,
    "input2_similarities": 0.8913575410842896
}