{
    "input1_similarities": 0.9167777895927429,
    "input2_similarities": 0.8617208003997803
}