{
    "input1_similarities": 0.7527386546134949,
    "input2_similarities": 0.6531287431716919
}