{
    "input1_similarities": 0.582531213760376,
    "input2_similarities": 0.7238519191741943
}