{
    "input1_similarities": 0.4907419681549072,
    "input2_similarities": 0.5390450954437256
}