{
    "input1_similarities": 0.8795162439346313,
    "input2_similarities": 0.7881711721420288
}