{
    "input1_similarities": 0.9191728830337524,
    "input2_similarities": 0.8644533157348633
}