{
    "input1_similarities": 0.7941031455993652,
    "input2_similarities": 0.8969079256057739
}