{
    "input1_similarities": 0.8753119707107544,
    "input2_similarities": 0.8694806098937988
}