{
    "input1_similarities": 0.9401053190231323,
    "input2_similarities": 0.9513242840766907
}