{
    "input1_similarities": 0.9230679273605347,
    "input2_similarities": 0.933733344078064
}