{
    "input1_similarities": 0.40791478753089905,
    "input2_similarities": 0.5242902636528015
}