{
    "input1_similarities": 0.5116772651672363,
    "input2_similarities": 0.6134774088859558
}