{
    "input1_similarities": 0.6404767632484436,
    "input2_similarities": 0.6792033910751343
}