{
    "input1_similarities": 0.030532430857419968,
    "input2_similarities": 0.8980387449264526
}