{
    "input1_similarities": 0.850075900554657,
    "input2_similarities": 0.6054388284683228
}