{
    "input1_similarities": 0.9096838235855103,
    "input2_similarities": 0.9237644672393799
}