{
    "input1_similarities": 0.9173097610473633,
    "input2_similarities": 0.937985897064209
}