{
    "input1_similarities": 0.8889990448951721,
    "input2_similarities": 0.8333706855773926
}