{
    "input1_similarities": 0.46874377131462097,
    "input2_similarities": 0.5379394292831421
}