{
    "input1_similarities": 0.8980550169944763,
    "input2_similarities": 0.9092636108398438
}