{
    "input1_similarities": 0.9031339883804321,
    "input2_similarities": 0.9306608438491821
}