{
    "input1_similarities": 0.8470202088356018,
    "input2_similarities": 0.9334553480148315
}