{
    "input1_similarities": 0.8989557027816772,
    "input2_similarities": 0.8452322483062744
}