{
    "input1_similarities": 0.8911285400390625,
    "input2_similarities": 0.9872795343399048
}