{
    "input1_similarities": 0.914419412612915,
    "input2_similarities": 0.9367280602455139
}