{
    "input1_similarities": 0.8146861791610718,
    "input2_similarities": 0.7989150285720825
}