{
    "input1_similarities": 0.9475972056388855,
    "input2_similarities": 0.7344391942024231
}