{
    "input1_similarities": 0.9151120185852051,
    "input2_similarities": 0.8773732781410217
}