{
    "input1_similarities": 0.9538875818252563,
    "input2_similarities": 0.9824486970901489
}