{
    "input1_similarities": 0.9468779563903809,
    "input2_similarities": 0.9561882019042969
}