{
    "input1_similarities": 0.9366010427474976,
    "input2_similarities": 0.9871619343757629
}