{
    "input1_similarities": 0.49527204036712646,
    "input2_similarities": 0.5909575819969177
}