{
    "input1_similarities": 0.8098387122154236,
    "input2_similarities": 0.841679573059082
}