{
    "input1_similarities": 0.9438977241516113,
    "input2_similarities": 0.9601573944091797
}