{
    "input1_similarities": 0.7931581735610962,
    "input2_similarities": 0.8553820252418518
}