{
    "input1_similarities": 0.8067173957824707,
    "input2_similarities": 0.9074801802635193
}