{
    "input1_similarities": 0.8769910335540771,
    "input2_similarities": 0.8462551832199097
}