{
    "input1_similarities": 0.7478241920471191,
    "input2_similarities": 0.9720736742019653
}