{
    "input1_similarities": 0.08167468011379242,
    "input2_similarities": 0.15793219208717346
}