{
    "input1_similarities": 0.9054675698280334,
    "input2_similarities": 0.7510202527046204
}