{
    "input1_similarities": 0.7001745700836182,
    "input2_similarities": 0.8600122928619385
}