{
    "input1_similarities": 0.8663395047187805,
    "input2_similarities": 0.7876715660095215
}