{
    "input1_similarities": 0.8739922046661377,
    "input2_similarities": 0.8152878284454346
}