{
    "input1_similarities": 0.9172468185424805,
    "input2_similarities": 0.8338822722434998
}