{
    "input1_similarities": 0.9247000217437744,
    "input2_similarities": 0.8452814817428589
}