{
    "input1_similarities": 0.9299553632736206,
    "input2_similarities": 0.8506999015808105
}