{
    "input1_similarities": 0.8448967933654785,
    "input2_similarities": 0.8484119176864624
}