{
    "input1_similarities": 0.9053779244422913,
    "input2_similarities": 0.6940129399299622
}