{
    "input1_similarities": 0.7895978689193726,
    "input2_similarities": 0.9015183448791504
}