{
    "input1_similarities": 0.05507039278745651,
    "input2_similarities": 0.03682290390133858
}