{
    "input1_similarities": 0.8439814448356628,
    "input2_similarities": 0.8702738285064697
}