{
    "input1_similarities": 0.7108086943626404,
    "input2_similarities": 0.9028703570365906
}