{
    "input1_similarities": 0.9403949975967407,
    "input2_similarities": 0.8657658100128174
}