{
    "input1_similarities": 0.3707665205001831,
    "input2_similarities": 0.7598512172698975
}