{
    "input1_similarities": 0.7292287349700928,
    "input2_similarities": 0.8934223651885986
}