{
    "input1_similarities": 0.6445696949958801,
    "input2_similarities": 0.8502545356750488
}