{
    "input1_similarities": 0.7424542903900146,
    "input2_similarities": 0.8697535395622253
}