{
    "input1_similarities": 0.9169361591339111,
    "input2_similarities": 0.8653276562690735
}