{
    "input1_similarities": 0.9180372953414917,
    "input2_similarities": 0.8941464424133301
}