{
    "input1_similarities": 0.6305631399154663,
    "input2_similarities": 0.8377254009246826
}