{
    "input1_similarities": 0.9436122179031372,
    "input2_similarities": 0.8881449699401855
}