{
    "input1_similarities": 0.8859351873397827,
    "input2_similarities": 0.8951730132102966
}