{
    "input1_similarities": 0.9374370574951172,
    "input2_similarities": 0.7755508422851562
}