{
    "input1_similarities": 0.8618080019950867,
    "input2_similarities": 0.9830315113067627
}