{
    "input1_similarities": 0.45504799485206604,
    "input2_similarities": 0.6189497113227844
}