{
    "input1_similarities": 0.835191547870636,
    "input2_similarities": 0.9404723644256592
}