{
    "input1_similarities": 0.5864144563674927,
    "input2_similarities": 0.7222893238067627
}