{
    "input1_similarities": 0.8685792684555054,
    "input2_similarities": 0.7856755256652832
}