{
    "input1_similarities": 0.7604749202728271,
    "input2_similarities": 0.8062515258789062
}