{
    "input1_similarities": 0.9079561233520508,
    "input2_similarities": 0.927909255027771
}