{
    "input1_similarities": 0.6230653524398804,
    "input2_similarities": 0.5275749564170837
}