{
    "input1_similarities": 0.7003786563873291,
    "input2_similarities": 0.8054193258285522
}