{
    "input1_similarities": 0.7345103025436401,
    "input2_similarities": 0.5692629814147949
}