{
    "input1_similarities": 0.6447231769561768,
    "input2_similarities": 0.7829419374465942
}