{
    "input1_similarities": 0.5194604396820068,
    "input2_similarities": 0.6325014233589172
}