{
    "input1_similarities": 0.8910989761352539,
    "input2_similarities": 0.8852637410163879
}