{
    "input1_similarities": 0.7879642844200134,
    "input2_similarities": 0.784426748752594
}