{
    "input1_similarities": 0.8634033203125,
    "input2_similarities": 0.9119045734405518
}