{
    "input1_similarities": 0.048687294125556946,
    "input2_similarities": 0.08487960696220398
}