{
    "input1_similarities": 0.9163925647735596,
    "input2_similarities": 0.9075827598571777
}