{
    "input1_similarities": 0.9721355438232422,
    "input2_similarities": 0.8704975247383118
}