{
    "input1_similarities": 0.6821441650390625,
    "input2_similarities": 0.8515111207962036
}