{
    "input1_similarities": 0.21632793545722961,
    "input2_similarities": 0.3668782711029053
}