{
    "input1_similarities": 0.8873545527458191,
    "input2_similarities": 0.8946459293365479
}