{
    "input1_similarities": 0.07568398863077164,
    "input2_similarities": 0.39925944805145264
}