{
    "input1_similarities": 0.8835283517837524,
    "input2_similarities": 0.9218503832817078
}