{
    "input1_similarities": 0.8103429079055786,
    "input2_similarities": 0.8637388348579407
}