{
    "input1_similarities": 0.9180171489715576,
    "input2_similarities": 0.9090895652770996
}