{
    "input1_similarities": 0.9080067276954651,
    "input2_similarities": 0.9243385195732117
}