{
    "input1_similarities": 0.776996374130249,
    "input2_similarities": 0.9467915296554565
}