{
    "input1_similarities": 0.8889601230621338,
    "input2_similarities": 0.8850672841072083
}