{
    "input1_similarities": 0.844129741191864,
    "input2_similarities": 0.8281259536743164
}