{
    "input1_similarities": 0.8071224689483643,
    "input2_similarities": 0.9359090328216553
}