{
    "input1_similarities": 0.8789709806442261,
    "input2_similarities": 0.9504737854003906
}