{
    "input1_similarities": 0.9924063682556152,
    "input2_similarities": 0.8956594467163086
}