{
    "input1_similarities": 0.8230026960372925,
    "input2_similarities": 0.9550566673278809
}