{
    "input1_similarities": 0.6518226861953735,
    "input2_similarities": 0.6302851438522339
}