{
    "input1_similarities": 0.8482299447059631,
    "input2_similarities": 0.8490239381790161
}