{
    "input1_similarities": 0.21090251207351685,
    "input2_similarities": 0.1408216953277588
}