{
    "input1_similarities": 0.7330920696258545,
    "input2_similarities": 0.8165237903594971
}