{
    "input1_similarities": 0.5209289789199829,
    "input2_similarities": 0.6214628219604492
}