{
    "input1_similarities": 0.6047248840332031,
    "input2_similarities": 0.7350006103515625
}