{
    "input1_similarities": 0.883699893951416,
    "input2_similarities": 0.8616405725479126
}