{
    "input1_similarities": 0.8717316389083862,
    "input2_similarities": 0.9019778966903687
}