{
    "input1_similarities": 0.6723637580871582,
    "input2_similarities": 0.6568617820739746
}