{
    "input1_similarities": 0.9559551477432251,
    "input2_similarities": 0.9477291107177734
}