{
    "input1_similarities": 0.8532421588897705,
    "input2_similarities": 0.7150589227676392
}