{
    "input1_similarities": 0.8724456429481506,
    "input2_similarities": 0.9263861179351807
}