{
    "input1_similarities": 0.8199034929275513,
    "input2_similarities": 0.747480034828186
}