{
    "input1_similarities": 0.7435711622238159,
    "input2_similarities": 0.8285880088806152
}