{
    "input1_similarities": 0.9831860065460205,
    "input2_similarities": 0.9126557111740112
}