{
    "input1_similarities": 0.8652459383010864,
    "input2_similarities": 0.8224667906761169
}