{
    "input1_similarities": 0.6719242334365845,
    "input2_similarities": 0.9429519176483154
}