{
    "input1_similarities": 0.8936471343040466,
    "input2_similarities": 0.8764492273330688
}