{
    "input1_similarities": 0.6473754644393921,
    "input2_similarities": 0.669474184513092
}