{
    "input1_similarities": 0.861193060874939,
    "input2_similarities": 0.8441905379295349
}