{
    "input1_similarities": 0.8032496571540833,
    "input2_similarities": 0.8919236063957214
}