{
    "input1_similarities": 0.8699861764907837,
    "input2_similarities": 0.8784400224685669
}