{
    "input1_similarities": 0.7142282724380493,
    "input2_similarities": 0.7389608025550842
}