{
    "input1_similarities": 0.7628774046897888,
    "input2_similarities": 0.654153048992157
}