{
    "input1_similarities": 0.9571621417999268,
    "input2_similarities": 0.7924865484237671
}