{
    "input1_similarities": 0.8488644361495972,
    "input2_similarities": 0.7325767278671265
}