{
    "input1_similarities": 0.9128915071487427,
    "input2_similarities": 0.9032323360443115
}