{
    "input1_similarities": 0.8531489372253418,
    "input2_similarities": 0.6267825365066528
}