{
    "input1_similarities": 0.9020391702651978,
    "input2_similarities": 0.8845683932304382
}