{
    "input1_similarities": 0.9668488502502441,
    "input2_similarities": 0.9819806814193726
}