{
    "input1_similarities": 0.8524662256240845,
    "input2_similarities": 0.8017616271972656
}