{
    "input1_similarities": 0.6871050596237183,
    "input2_similarities": 0.7731835246086121
}