{
    "input1_similarities": 0.936748743057251,
    "input2_similarities": 0.8895286321640015
}