{
    "input1_similarities": 0.9672563672065735,
    "input2_similarities": 0.9630900025367737
}