{
    "input1_similarities": 0.9260709285736084,
    "input2_similarities": 0.9377555847167969
}