{
    "input1_similarities": 0.24898293614387512,
    "input2_similarities": 0.12292884290218353
}