{
    "input1_similarities": 0.8455027341842651,
    "input2_similarities": 0.7751038670539856
}