{
    "input1_similarities": 0.9274768829345703,
    "input2_similarities": 0.6932668685913086
}