{
    "input1_similarities": 0.7266671657562256,
    "input2_similarities": 0.5397417545318604
}