{
    "input1_similarities": 0.8323609828948975,
    "input2_similarities": 0.8496690988540649
}