{
    "input1_similarities": 0.8948988318443298,
    "input2_similarities": 0.9461021423339844
}