{
    "input1_similarities": 0.891840934753418,
    "input2_similarities": 0.8453950881958008
}