{
    "input1_similarities": 0.8528034090995789,
    "input2_similarities": 0.8437302112579346
}