{
    "input1_similarities": 0.9174749851226807,
    "input2_similarities": 0.8881183862686157
}