{
    "input1_similarities": 0.7543554306030273,
    "input2_similarities": 0.8588573932647705
}