{
    "input1_similarities": 0.9180209636688232,
    "input2_similarities": 0.9037075042724609
}