{
    "input1_similarities": 0.336142361164093,
    "input2_similarities": 0.15662595629692078
}