{
    "input1_similarities": 0.885316014289856,
    "input2_similarities": 0.8303137421607971
}