{
    "input1_similarities": 0.9079915285110474,
    "input2_similarities": 0.8143080472946167
}