{
    "input1_similarities": 0.7811449766159058,
    "input2_similarities": 0.7160470485687256
}