{
    "input1_similarities": 0.5397591590881348,
    "input2_similarities": 0.5581597089767456
}