{
    "input1_similarities": 0.6116491556167603,
    "input2_similarities": 0.6939107775688171
}