{
    "input1_similarities": 0.7637665867805481,
    "input2_similarities": 0.8720211982727051
}