{
    "input1_similarities": 0.8211253881454468,
    "input2_similarities": 0.7713779211044312
}