{
    "input1_similarities": 0.6719298362731934,
    "input2_similarities": 0.741977334022522
}