{
    "input1_similarities": 0.29661795496940613,
    "input2_similarities": 0.36757880449295044
}