{
    "input1_similarities": 0.81840980052948,
    "input2_similarities": 0.6867928504943848
}