{
    "input1_similarities": 0.7859026789665222,
    "input2_similarities": 0.6060163974761963
}