{
    "input1_similarities": 0.9250546097755432,
    "input2_similarities": 0.9366284608840942
}