{
    "input1_similarities": 0.9069864749908447,
    "input2_similarities": 0.656690776348114
}