{
    "input1_similarities": 0.8492811918258667,
    "input2_similarities": 0.8783657550811768
}