{
    "input1_similarities": 0.81545090675354,
    "input2_similarities": 0.7921034097671509
}