{
    "input1_similarities": 0.7223284244537354,
    "input2_similarities": 0.8560150265693665
}