{
    "input1_similarities": 0.9396290183067322,
    "input2_similarities": 0.9421463012695312
}