{
    "input1_similarities": 0.8678349256515503,
    "input2_similarities": 0.7910244464874268
}