{
    "input1_similarities": 0.9292518496513367,
    "input2_similarities": 0.8838455080986023
}