{
    "input1_similarities": 0.8856663703918457,
    "input2_similarities": 0.9055149555206299
}