{
    "input1_similarities": 0.7770751714706421,
    "input2_similarities": 0.854289174079895
}