{
    "input1_similarities": 0.8566011190414429,
    "input2_similarities": 0.8095493912696838
}