{
    "input1_similarities": 0.8423734307289124,
    "input2_similarities": 0.888226330280304
}