{
    "input1_similarities": 0.6178428530693054,
    "input2_similarities": 0.7348862886428833
}