{
    "input1_similarities": 0.07831400632858276,
    "input2_similarities": 0.49976760149002075
}