{
    "input1_similarities": 0.46931588649749756,
    "input2_similarities": 0.5394402146339417
}