{
    "input1_similarities": 0.9246065616607666,
    "input2_similarities": 0.9205052256584167
}