{
    "input1_similarities": 0.8103626370429993,
    "input2_similarities": 0.8937473297119141
}