{
    "input1_similarities": 0.8778594732284546,
    "input2_similarities": 0.8532993793487549
}