{
    "input1_similarities": 0.9654521346092224,
    "input2_similarities": 0.8986266255378723
}