{
    "input1_similarities": 0.8787102699279785,
    "input2_similarities": 0.8858982920646667
}