{
    "input1_similarities": 0.9138521552085876,
    "input2_similarities": 0.8362981081008911
}