{
    "input1_similarities": 0.7985862493515015,
    "input2_similarities": 0.7896153330802917
}