{
    "input1_similarities": 0.9377244114875793,
    "input2_similarities": 0.9400380849838257
}