{
    "input1_similarities": 0.8998228311538696,
    "input2_similarities": 0.7859323024749756
}