{
    "input1_similarities": 0.9133890271186829,
    "input2_similarities": 0.8206965327262878
}