{
    "input1_similarities": 0.9176501035690308,
    "input2_similarities": 1.0000001192092896
}