{
    "input1_similarities": 0.9313613772392273,
    "input2_similarities": 0.9191675186157227
}