{
    "input1_similarities": 0.9414529204368591,
    "input2_similarities": 0.9462511539459229
}