{
    "input1_similarities": 0.237722247838974,
    "input2_similarities": 0.24115918576717377
}