{
    "input1_similarities": 0.7640483379364014,
    "input2_similarities": 0.8571710586547852
}