{
    "input1_similarities": 0.9399659633636475,
    "input2_similarities": 0.8978064060211182
}