{
    "input1_similarities": 0.9279296398162842,
    "input2_similarities": 0.8935987949371338
}