{
    "input1_similarities": 0.749845564365387,
    "input2_similarities": 0.8733185529708862
}