{
    "input1_similarities": 0.9059838056564331,
    "input2_similarities": 0.8260738253593445
}