{
    "input1_similarities": 0.8564596176147461,
    "input2_similarities": 0.8201380968093872
}