{
    "input1_similarities": 0.9739030599594116,
    "input2_similarities": 0.9672223329544067
}