{
    "input1_similarities": 0.9230724573135376,
    "input2_similarities": 0.8304661512374878
}