{
    "input1_similarities": 0.942927896976471,
    "input2_similarities": 0.9104677438735962
}