{
    "input1_similarities": 0.6256179809570312,
    "input2_similarities": 0.6893091201782227
}