{
    "input1_similarities": 0.7755416631698608,
    "input2_similarities": 0.8774082064628601
}