{
    "input1_similarities": 0.39669713377952576,
    "input2_similarities": 0.3214990496635437
}