{
    "input1_similarities": 0.8203535079956055,
    "input2_similarities": 0.8061022758483887
}