{
    "input1_similarities": 0.6351823806762695,
    "input2_similarities": 0.7710740566253662
}