{
    "input1_similarities": 0.9501774311065674,
    "input2_similarities": 0.931532621383667
}