{
    "input1_similarities": 0.6518434286117554,
    "input2_similarities": 0.6318908333778381
}