{
    "input1_similarities": 0.8849054574966431,
    "input2_similarities": 0.8973132371902466
}