{
    "input1_similarities": 0.8447311520576477,
    "input2_similarities": 0.6019152402877808
}