{
    "input1_similarities": 0.8356056213378906,
    "input2_similarities": 0.7902816534042358
}