{
    "input1_similarities": 0.899946928024292,
    "input2_similarities": 0.9227405786514282
}