{
    "input1_similarities": 0.5291576385498047,
    "input2_similarities": 0.7330175042152405
}