{
    "input1_similarities": 0.9278733134269714,
    "input2_similarities": 0.9103150367736816
}