{
    "input1_similarities": 0.793907642364502,
    "input2_similarities": 0.7579935789108276
}