{
    "input1_similarities": 0.8683093786239624,
    "input2_similarities": 0.7908614873886108
}