{
    "input1_similarities": 0.8344800472259521,
    "input2_similarities": 0.9052222967147827
}