{
    "input1_similarities": 0.7040043473243713,
    "input2_similarities": 0.8190160989761353
}