{
    "input1_similarities": 0.5565621852874756,
    "input2_similarities": 0.503555953502655
}