{
    "input1_similarities": 0.597400963306427,
    "input2_similarities": 0.6464989185333252
}