{
    "input1_similarities": 0.2947390079498291,
    "input2_similarities": 0.14995619654655457
}