{
    "input1_similarities": 0.7223276495933533,
    "input2_similarities": 0.6868155002593994
}