{
    "input1_similarities": 0.9828000664710999,
    "input2_similarities": 0.9780590534210205
}