{
    "input1_similarities": 0.4988333582878113,
    "input2_similarities": 0.511608362197876
}