{
    "input1_similarities": 0.900499701499939,
    "input2_similarities": 0.9077654480934143
}