{
    "input1_similarities": 0.7117228507995605,
    "input2_similarities": 0.775281548500061
}