{
    "input1_similarities": 0.8606034517288208,
    "input2_similarities": 0.8298550844192505
}