{
    "input1_similarities": 0.9205771088600159,
    "input2_similarities": 0.5043445825576782
}