{
    "input1_similarities": 0.8295519351959229,
    "input2_similarities": 0.874839186668396
}