{
    "input1_similarities": 0.6748732924461365,
    "input2_similarities": 0.8489721417427063
}