{
    "input1_similarities": 0.6359644532203674,
    "input2_similarities": 0.8187546730041504
}