{
    "input1_similarities": 0.3270251154899597,
    "input2_similarities": 0.27825623750686646
}