{
    "input1_similarities": 0.8430385589599609,
    "input2_similarities": 0.9516252875328064
}