{
    "input1_similarities": 0.8909498453140259,
    "input2_similarities": 0.8760635852813721
}