{
    "input1_similarities": 0.8976328372955322,
    "input2_similarities": 0.8950226306915283
}