{
    "input1_similarities": 0.8420195579528809,
    "input2_similarities": 0.7180917263031006
}