{
    "input1_similarities": 0.9525315165519714,
    "input2_similarities": 0.9205962419509888
}