{
    "input1_similarities": 0.8318182229995728,
    "input2_similarities": 0.6133478879928589
}