{
    "input1_similarities": 0.7113385200500488,
    "input2_similarities": 0.7239401340484619
}