{
    "input1_similarities": 0.7389538884162903,
    "input2_similarities": 0.6713063716888428
}