{
    "input1_similarities": 0.4635477662086487,
    "input2_similarities": 0.3767572045326233
}