{
    "input1_similarities": 0.7604687213897705,
    "input2_similarities": 0.5940921306610107
}