{
    "input1_similarities": 0.839174747467041,
    "input2_similarities": 0.7556247115135193
}