{
    "input1_similarities": 0.08606491982936859,
    "input2_similarities": 0.22483497858047485
}