{
    "input1_similarities": 0.9726908206939697,
    "input2_similarities": 0.8641265034675598
}