{
    "input1_similarities": 0.2235003113746643,
    "input2_similarities": -0.005740245804190636
}