{
    "input1_similarities": 0.7675953507423401,
    "input2_similarities": 0.7795925140380859
}