{
    "input1_similarities": 0.12287820875644684,
    "input2_similarities": 0.10500486940145493
}