{
    "input1_similarities": 0.8933912515640259,
    "input2_similarities": 0.723596453666687
}