{
    "input1_similarities": 0.9547858834266663,
    "input2_similarities": 0.9245969653129578
}