{
    "input1_similarities": 0.86478590965271,
    "input2_similarities": 0.7897260189056396
}