{
    "input1_similarities": 0.8834725618362427,
    "input2_similarities": 0.899878740310669
}