{
    "input1_similarities": 0.39023375511169434,
    "input2_similarities": 0.5790150165557861
}