{
    "input1_similarities": 0.9637455940246582,
    "input2_similarities": 0.9240447878837585
}