{
    "input1_similarities": 0.25207266211509705,
    "input2_similarities": 0.25343218445777893
}