{
    "input1_similarities": 0.8383499383926392,
    "input2_similarities": 0.7787705659866333
}