{
    "input1_similarities": 0.6409531235694885,
    "input2_similarities": 0.6028319597244263
}