{
    "input1_similarities": 0.9608519077301025,
    "input2_similarities": 0.9389994144439697
}