{
    "input1_similarities": 0.7440490126609802,
    "input2_similarities": 0.8396629095077515
}