{
    "input1_similarities": 0.685646653175354,
    "input2_similarities": 0.8433645963668823
}