{
    "input1_similarities": 0.7135758399963379,
    "input2_similarities": 0.7494478821754456
}