{
    "input1_similarities": 0.8852188587188721,
    "input2_similarities": 0.8428534865379333
}