{
    "input1_similarities": 0.9576999545097351,
    "input2_similarities": 0.8697247505187988
}