{
    "input1_similarities": 0.8967020511627197,
    "input2_similarities": 0.9397282004356384
}