{
    "input1_similarities": 0.8279544711112976,
    "input2_similarities": 0.9305980205535889
}