{
    "input1_similarities": 0.7987841367721558,
    "input2_similarities": 0.9093158841133118
}