{
    "input1_similarities": 0.9310401678085327,
    "input2_similarities": 0.9193079471588135
}