{
    "input1_similarities": 0.8931505680084229,
    "input2_similarities": 0.898587703704834
}