{
    "input1_similarities": 0.8305010795593262,
    "input2_similarities": 0.8183939456939697
}