{
    "input1_similarities": 0.7512757778167725,
    "input2_similarities": 0.4824066162109375
}