{
    "input1_similarities": 0.5803655385971069,
    "input2_similarities": 0.5659193992614746
}