{
    "input1_similarities": 0.6873378753662109,
    "input2_similarities": 0.7522851824760437
}