{
    "input1_similarities": 0.8043392896652222,
    "input2_similarities": 0.8718235492706299
}