{
    "input1_similarities": 0.8241221904754639,
    "input2_similarities": 0.924996018409729
}