{
    "input1_similarities": 0.9694011211395264,
    "input2_similarities": 0.9378700852394104
}