{
    "input1_similarities": 0.9145378470420837,
    "input2_similarities": 0.7534677982330322
}