{
    "input1_similarities": 0.9266522526741028,
    "input2_similarities": 0.762344479560852
}