{
    "input1_similarities": 0.8430691957473755,
    "input2_similarities": 0.6705663800239563
}