{
    "input1_similarities": 0.969504714012146,
    "input2_similarities": 0.9605597257614136
}