{
    "input1_similarities": 0.9996323585510254,
    "input2_similarities": 0.9930320978164673
}