{
    "input1_similarities": 0.8940702080726624,
    "input2_similarities": 0.6239407062530518
}