{
    "input1_similarities": 0.9821938276290894,
    "input2_similarities": 0.937139630317688
}