{
    "input1_similarities": 0.8980201482772827,
    "input2_similarities": 0.857131838798523
}