{
    "input1_similarities": 0.8878743648529053,
    "input2_similarities": 0.9201498031616211
}