{
    "input1_similarities": 0.19121526181697845,
    "input2_similarities": 0.11163104325532913
}