{
    "input1_similarities": 0.9336357116699219,
    "input2_similarities": 0.9495869874954224
}