{
    "input1_similarities": 0.8939027786254883,
    "input2_similarities": 0.7932066321372986
}