{
    "input1_similarities": 0.9418179392814636,
    "input2_similarities": 0.9624967575073242
}