{
    "input1_similarities": 0.902292788028717,
    "input2_similarities": 0.8927617073059082
}