{
    "input1_similarities": 0.7530748248100281,
    "input2_similarities": 0.7847403883934021
}