{
    "input1_similarities": 0.9011277556419373,
    "input2_similarities": 0.8661561012268066
}