{
    "input1_similarities": 0.8399672508239746,
    "input2_similarities": 0.8087434768676758
}