{
    "input1_similarities": 0.7903248071670532,
    "input2_similarities": 0.7955904006958008
}