{
    "input1_similarities": 0.38454964756965637,
    "input2_similarities": 0.8700013160705566
}