{
    "input1_similarities": 0.9862529039382935,
    "input2_similarities": 0.9372431039810181
}