{
    "input1_similarities": 0.597832441329956,
    "input2_similarities": 0.6507523059844971
}