{
    "input1_similarities": 0.7787579298019409,
    "input2_similarities": 0.7870786190032959
}