{
    "input1_similarities": 0.7452383637428284,
    "input2_similarities": 0.7323263883590698
}