{
    "input1_similarities": 0.9438806772232056,
    "input2_similarities": 0.7543958425521851
}