{
    "input1_similarities": 0.7934623956680298,
    "input2_similarities": 0.8921076059341431
}