{
    "input1_similarities": 0.7765562534332275,
    "input2_similarities": 0.6883988380432129
}