{
    "input1_similarities": 0.6890462636947632,
    "input2_similarities": 0.6569816470146179
}