{
    "input1_similarities": 0.7740328907966614,
    "input2_similarities": 0.5569368004798889
}