{
    "input1_similarities": 0.9973790049552917,
    "input2_similarities": 0.7860211730003357
}