{
    "input1_similarities": 0.9793006181716919,
    "input2_similarities": 0.9127330780029297
}