{
    "input1_similarities": 0.6552962064743042,
    "input2_similarities": 0.6275267004966736
}