{
    "input1_similarities": 0.844428300857544,
    "input2_similarities": 0.9207386374473572
}