{
    "input1_similarities": 0.9432413578033447,
    "input2_similarities": 0.8893033266067505
}