{
    "input1_similarities": 0.9611794948577881,
    "input2_similarities": 0.9521536827087402
}