{
    "input1_similarities": 0.7735337018966675,
    "input2_similarities": 0.6340407133102417
}