{
    "input1_similarities": 0.6572980880737305,
    "input2_similarities": 0.7484344840049744
}