{
    "input1_similarities": 0.9452115893363953,
    "input2_similarities": 0.932209849357605
}