{
    "input1_similarities": 0.8803150057792664,
    "input2_similarities": 0.8812631368637085
}