{
    "input1_similarities": 0.8585675954818726,
    "input2_similarities": 0.5750429630279541
}