{
    "input1_similarities": 0.8085280656814575,
    "input2_similarities": 0.900825023651123
}