{
    "input1_similarities": 0.8431941270828247,
    "input2_similarities": 0.6706727743148804
}