{
    "input1_similarities": 0.6211966276168823,
    "input2_similarities": 0.44872918725013733
}