{
    "input1_similarities": 0.9032367467880249,
    "input2_similarities": 0.8959710001945496
}