{
    "input1_similarities": 0.8488098382949829,
    "input2_similarities": 0.9086623787879944
}