{
    "input1_similarities": 0.8335172533988953,
    "input2_similarities": 0.8582007884979248
}