{
    "input1_similarities": 0.46316003799438477,
    "input2_similarities": 0.5130361318588257
}