{
    "input1_similarities": 0.9201725125312805,
    "input2_similarities": 0.8569908142089844
}