{
    "input1_similarities": 0.7299195528030396,
    "input2_similarities": 0.8751122951507568
}