{
    "input1_similarities": 0.726235032081604,
    "input2_similarities": 0.6947299838066101
}