{
    "input1_similarities": 0.920671820640564,
    "input2_similarities": 0.8702384233474731
}