{
    "input1_similarities": 0.8214184045791626,
    "input2_similarities": 0.7992863655090332
}