{
    "input1_similarities": 0.8904435634613037,
    "input2_similarities": 0.8796276450157166
}