{
    "input1_similarities": 0.9214798212051392,
    "input2_similarities": 0.41882947087287903
}