{
    "input1_similarities": 0.38977837562561035,
    "input2_similarities": 0.3964216411113739
}