{
    "input1_similarities": 0.15473444759845734,
    "input2_similarities": 0.15473444759845734
}