{
    "input1_similarities": 0.8613343834877014,
    "input2_similarities": 0.8707987666130066
}