{
    "input1_similarities": 0.5971231460571289,
    "input2_similarities": 0.7190885543823242
}