{
    "input1_similarities": 0.9255977869033813,
    "input2_similarities": 0.6915515661239624
}