{
    "input1_similarities": 0.9786744117736816,
    "input2_similarities": 0.9530379176139832
}