{
    "input1_similarities": 0.7571383714675903,
    "input2_similarities": 0.9010046720504761
}