{
    "input1_similarities": 0.8788919448852539,
    "input2_similarities": 0.9463145732879639
}