{
    "input1_similarities": 0.6557860374450684,
    "input2_similarities": 0.38543128967285156
}