{
    "input1_similarities": 0.8890572786331177,
    "input2_similarities": 0.824748158454895
}