{
    "input1_similarities": 0.8723537921905518,
    "input2_similarities": 0.8862125873565674
}