{
    "input1_similarities": 0.9753609895706177,
    "input2_similarities": 0.9113370180130005
}