{
    "input1_similarities": 0.9121156930923462,
    "input2_similarities": 0.8364870548248291
}