{
    "input1_similarities": 0.8361378908157349,
    "input2_similarities": 0.7952936887741089
}