{
    "input1_similarities": 0.9067965149879456,
    "input2_similarities": 0.9406073093414307
}