{
    "input1_similarities": 0.7262264490127563,
    "input2_similarities": 0.7205191850662231
}