{
    "input1_similarities": 0.9136538505554199,
    "input2_similarities": 0.9600562453269958
}