{
    "input1_similarities": 0.8427231311798096,
    "input2_similarities": 0.9212172031402588
}