{
    "input1_similarities": 0.949836254119873,
    "input2_similarities": 0.8782122135162354
}