{
    "input1_similarities": 0.33561253547668457,
    "input2_similarities": 0.2547115981578827
}