{
    "input1_similarities": 0.870806097984314,
    "input2_similarities": 0.5693763494491577
}