{
    "input1_similarities": 0.7437129020690918,
    "input2_similarities": 0.7040627002716064
}