{
    "input1_similarities": 0.5522332787513733,
    "input2_similarities": 0.5107591152191162
}