{
    "input1_similarities": 0.7556586265563965,
    "input2_similarities": 0.6762770414352417
}