{
    "input1_similarities": 0.9651187658309937,
    "input2_similarities": 0.9060795903205872
}