{
    "input1_similarities": 0.9894673228263855,
    "input2_similarities": 0.9384940266609192
}