{
    "input1_similarities": 0.8965733051300049,
    "input2_similarities": 0.9369158744812012
}