{
    "input1_similarities": 0.6712961196899414,
    "input2_similarities": 0.5855368971824646
}