{
    "input1_similarities": 0.8503537774085999,
    "input2_similarities": 0.8444341421127319
}