{
    "input1_similarities": 0.7729609608650208,
    "input2_similarities": 0.803094208240509
}