{
    "input1_similarities": 0.8964198231697083,
    "input2_similarities": 0.8718937039375305
}