{
    "input1_similarities": 0.9148439168930054,
    "input2_similarities": 0.6491516828536987
}