{
    "input1_similarities": 0.8107954859733582,
    "input2_similarities": 0.8509085178375244
}