{
    "input1_similarities": 0.8837940692901611,
    "input2_similarities": 0.9306797385215759
}