{
    "input1_similarities": 0.9581276178359985,
    "input2_similarities": 0.9358686804771423
}