{
    "input1_similarities": 0.7197303175926208,
    "input2_similarities": 0.8404815793037415
}