{
    "input1_similarities": 0.6912937164306641,
    "input2_similarities": 0.7365381717681885
}