{
    "input1_similarities": 0.8482669591903687,
    "input2_similarities": 0.9114222526550293
}