{
    "input1_similarities": 0.710831344127655,
    "input2_similarities": 0.5040175914764404
}