{
    "input1_similarities": 0.9873589277267456,
    "input2_similarities": 0.9629892110824585
}