{
    "input1_similarities": 0.864319920539856,
    "input2_similarities": 0.7184396982192993
}