{
    "input1_similarities": 0.8750933408737183,
    "input2_similarities": 0.8524869680404663
}