{
    "input1_similarities": 0.7678442001342773,
    "input2_similarities": 0.8298193216323853
}