{
    "input1_similarities": 0.9189940690994263,
    "input2_similarities": 0.7967551350593567
}