{
    "input1_similarities": 0.8626665472984314,
    "input2_similarities": 0.8276733160018921
}