{
    "input1_similarities": 0.9507935047149658,
    "input2_similarities": 0.8729304075241089
}