{
    "input1_similarities": 0.8029922842979431,
    "input2_similarities": 0.7102453708648682
}