{
    "input1_similarities": 0.9104115962982178,
    "input2_similarities": 0.12864498794078827
}