{
    "input1_similarities": 0.5194392800331116,
    "input2_similarities": 0.559869647026062
}