{
    "input1_similarities": 0.8547078371047974,
    "input2_similarities": 0.7527404427528381
}