{
    "input1_similarities": 0.9110139608383179,
    "input2_similarities": 0.8036134243011475
}