{
    "input1_similarities": 0.6599259376525879,
    "input2_similarities": 0.743067741394043
}