{
    "input1_similarities": 0.5025632977485657,
    "input2_similarities": 0.5491620302200317
}