{
    "input1_similarities": 0.41747015714645386,
    "input2_similarities": 0.7898575663566589
}