{
    "input1_similarities": 0.6651369333267212,
    "input2_similarities": 0.5464121103286743
}