{
    "input1_similarities": 0.9717298150062561,
    "input2_similarities": 0.9755650758743286
}