{
    "input1_similarities": 0.9038042426109314,
    "input2_similarities": 0.8831008672714233
}