{
    "input1_similarities": 0.8543084859848022,
    "input2_similarities": 0.8804109692573547
}