{
    "input1_similarities": 0.9507642388343811,
    "input2_similarities": 0.7568698525428772
}