{
    "input1_similarities": 0.8403386473655701,
    "input2_similarities": 0.8548407554626465
}