{
    "input1_similarities": 0.9611847996711731,
    "input2_similarities": 0.9611847996711731
}