{
    "input1_similarities": 0.6884629726409912,
    "input2_similarities": 0.7912615537643433
}