{
    "input1_similarities": 0.8667228817939758,
    "input2_similarities": 0.9527020454406738
}