{
    "input1_similarities": 0.877997636795044,
    "input2_similarities": 0.8448267579078674
}