{
    "input1_similarities": 0.7054576873779297,
    "input2_similarities": 0.9399586915969849
}