{
    "input1_similarities": 0.016041774302721024,
    "input2_similarities": 0.19313471019268036
}