{
    "input1_similarities": 0.9643239974975586,
    "input2_similarities": 0.9643239974975586
}