{
    "input1_similarities": 0.529106080532074,
    "input2_similarities": 0.41826584935188293
}