{
    "input1_similarities": 0.8267183303833008,
    "input2_similarities": 0.806045413017273
}