{
    "input1_similarities": 0.9331666231155396,
    "input2_similarities": 0.9482421278953552
}