{
    "input1_similarities": 0.8022293448448181,
    "input2_similarities": 0.8646252751350403
}