{
    "input1_similarities": 0.7657628655433655,
    "input2_similarities": 0.7009952068328857
}