{
    "input1_similarities": 0.8452222943305969,
    "input2_similarities": 0.9336613416671753
}