{
    "input1_similarities": 0.6086337566375732,
    "input2_similarities": 0.6672501564025879
}