{
    "input1_similarities": 0.8341513276100159,
    "input2_similarities": 0.8949320316314697
}