{
    "input1_similarities": 0.9513218402862549,
    "input2_similarities": 0.9286367893218994
}