{
    "input1_similarities": 0.8255431652069092,
    "input2_similarities": 0.9607627987861633
}