{
    "input1_similarities": 0.7340619564056396,
    "input2_similarities": 0.7461029291152954
}