{
    "input1_similarities": 0.725500226020813,
    "input2_similarities": 0.7753897309303284
}