{
    "input1_similarities": 0.6218230724334717,
    "input2_similarities": 0.618134081363678
}