{
    "input1_similarities": 0.03163271024823189,
    "input2_similarities": 0.11789637804031372
}