{
    "input1_similarities": 0.17781412601470947,
    "input2_similarities": 0.25014549493789673
}