{
    "input1_similarities": 0.8933811783790588,
    "input2_similarities": 0.6767905354499817
}