{
    "input1_similarities": 0.8897109031677246,
    "input2_similarities": 0.8562914133071899
}