{
    "input1_similarities": 0.8364769816398621,
    "input2_similarities": 0.6027454733848572
}