{
    "input1_similarities": 0.778774619102478,
    "input2_similarities": 0.8855302333831787
}