{
    "input1_similarities": 0.6691157221794128,
    "input2_similarities": 0.458342969417572
}