{
    "input1_similarities": 0.7576450109481812,
    "input2_similarities": 0.8537818193435669
}