{
    "input1_similarities": 0.9048166275024414,
    "input2_similarities": 0.9048166275024414
}