{
    "input1_similarities": 0.8138238191604614,
    "input2_similarities": 0.7789899110794067
}