{
    "input1_similarities": 0.8057516813278198,
    "input2_similarities": 0.7241511940956116
}