{
    "input1_similarities": 0.5735433101654053,
    "input2_similarities": 0.5160173177719116
}