{
    "input1_similarities": 0.9038500785827637,
    "input2_similarities": 0.9472895264625549
}