{
    "input1_similarities": 0.8576693534851074,
    "input2_similarities": 0.8703412413597107
}