{
    "input1_similarities": 0.9305640459060669,
    "input2_similarities": 0.8685375452041626
}