{
    "input1_similarities": 0.7353312969207764,
    "input2_similarities": 0.7672990560531616
}