{
    "input1_similarities": 0.7382166385650635,
    "input2_similarities": 0.5847768783569336
}