{
    "input1_similarities": 0.9666122198104858,
    "input2_similarities": 0.9720160961151123
}