{
    "input1_similarities": 0.9265733361244202,
    "input2_similarities": 0.913023829460144
}