{
    "input1_similarities": 0.9415363073348999,
    "input2_similarities": 0.9418913125991821
}