{
    "input1_similarities": 0.8311532139778137,
    "input2_similarities": 0.8510978817939758
}