{
    "input1_similarities": 0.7709635496139526,
    "input2_similarities": 0.8207226991653442
}