{
    "input1_similarities": 0.9571546316146851,
    "input2_similarities": 0.9679871797561646
}