{
    "input1_similarities": 0.9227981567382812,
    "input2_similarities": 0.937425971031189
}