{
    "input1_similarities": 0.8244053721427917,
    "input2_similarities": 0.8427517414093018
}