{
    "input1_similarities": 0.9153779149055481,
    "input2_similarities": 0.9115631580352783
}