{
    "input1_similarities": 0.7469533085823059,
    "input2_similarities": 0.7516878247261047
}