{
    "input1_similarities": 0.8113295435905457,
    "input2_similarities": 0.805828332901001
}