{
    "input1_similarities": 0.7229986190795898,
    "input2_similarities": 0.7520058155059814
}