{
    "input1_similarities": 0.8960244655609131,
    "input2_similarities": 0.9072076082229614
}