{
    "input1_similarities": 0.5644749999046326,
    "input2_similarities": 0.3218859136104584
}