{
    "input1_similarities": 0.932844877243042,
    "input2_similarities": 0.9287068843841553
}