{
    "input1_similarities": 0.8834394216537476,
    "input2_similarities": 0.9441807866096497
}