{
    "input1_similarities": 0.788565993309021,
    "input2_similarities": 0.4933319091796875
}