{
    "input1_similarities": 0.7853207588195801,
    "input2_similarities": 0.2974882423877716
}