{
    "input1_similarities": 0.29889976978302,
    "input2_similarities": 0.580176055431366
}