{
    "input1_similarities": 0.8511075973510742,
    "input2_similarities": 0.7748057842254639
}