{
    "input1_similarities": 0.8753186464309692,
    "input2_similarities": 0.7361066341400146
}