{
    "input1_similarities": 0.8814916610717773,
    "input2_similarities": 0.7917804718017578
}