{
    "input1_similarities": 0.2606661319732666,
    "input2_similarities": 0.20120200514793396
}