{
    "input1_similarities": 0.6699724793434143,
    "input2_similarities": 0.5576428174972534
}