{
    "input1_similarities": 0.45365068316459656,
    "input2_similarities": 0.4543609619140625
}