{
    "input1_similarities": 0.9255244731903076,
    "input2_similarities": 0.8730795383453369
}