{
    "input1_similarities": 0.6388964653015137,
    "input2_similarities": 0.6927642226219177
}