{
    "input1_similarities": 0.6485414505004883,
    "input2_similarities": 0.5403361320495605
}