{
    "input1_similarities": 0.9522266387939453,
    "input2_similarities": 0.955207109451294
}