{
    "input1_similarities": 0.821304440498352,
    "input2_similarities": 0.7363051176071167
}