{
    "input1_similarities": 0.9596208333969116,
    "input2_similarities": 0.929959774017334
}