{
    "input1_similarities": 0.9560645818710327,
    "input2_similarities": 0.881544291973114
}