{
    "input1_similarities": 0.8761850595474243,
    "input2_similarities": 0.8558129072189331
}