{
    "input1_similarities": 0.9326800107955933,
    "input2_similarities": 0.9261048436164856
}