{
    "input1_similarities": 0.9378453493118286,
    "input2_similarities": 0.9775621891021729
}