{
    "input1_similarities": 0.9463601112365723,
    "input2_similarities": 0.899147629737854
}