{
    "input1_similarities": 0.3615233302116394,
    "input2_similarities": 0.37531763315200806
}