{
    "input1_similarities": 0.8620131611824036,
    "input2_similarities": 0.9391685724258423
}