{
    "input1_similarities": 0.9232393503189087,
    "input2_similarities": 0.9605215787887573
}