{
    "input1_similarities": 0.6392322778701782,
    "input2_similarities": 0.571171760559082
}