{
    "input1_similarities": 0.9215037822723389,
    "input2_similarities": 0.9116668701171875
}