{
    "input1_similarities": 0.890349268913269,
    "input2_similarities": 0.8856537342071533
}