{
    "input1_similarities": 0.8777636289596558,
    "input2_similarities": 0.8780623078346252
}