{
    "input1_similarities": 0.9408665299415588,
    "input2_similarities": 0.9086596369743347
}