{
    "input1_similarities": 0.2665548324584961,
    "input2_similarities": 0.2721403241157532
}