{
    "input1_similarities": 0.8731497526168823,
    "input2_similarities": 0.9197022914886475
}