{
    "input1_similarities": 0.7724721431732178,
    "input2_similarities": 0.7613390684127808
}