{
    "input1_similarities": 0.15543214976787567,
    "input2_similarities": 0.26956042647361755
}