{
    "input1_similarities": 0.808512270450592,
    "input2_similarities": 0.8337358832359314
}