{
    "input1_similarities": 0.6638311147689819,
    "input2_similarities": 0.8556782007217407
}