{
    "input1_similarities": 0.5552291870117188,
    "input2_similarities": 0.63437420129776
}