{
    "input1_similarities": 0.7797528505325317,
    "input2_similarities": 0.8068686127662659
}