{
    "input1_similarities": 0.7975874543190002,
    "input2_similarities": 0.8992027044296265
}