{
    "input1_similarities": 0.836392343044281,
    "input2_similarities": 0.8321177363395691
}