{
    "input1_similarities": 0.8115530014038086,
    "input2_similarities": 0.6803114414215088
}