{
    "input1_similarities": 0.8382775187492371,
    "input2_similarities": 0.9048135280609131
}