{
    "input1_similarities": 0.9737540483474731,
    "input2_similarities": 0.9781206846237183
}