{
    "input1_similarities": 0.9378705024719238,
    "input2_similarities": 0.8650259971618652
}