{
    "input1_similarities": 0.7372574806213379,
    "input2_similarities": 0.7716459035873413
}