{
    "input1_similarities": 0.79939866065979,
    "input2_similarities": 0.7968171238899231
}