{
    "input1_similarities": 0.7045381665229797,
    "input2_similarities": 0.9034837484359741
}