{
    "input1_similarities": 0.8107770681381226,
    "input2_similarities": 0.8508597612380981
}