{
    "input1_similarities": 0.7894797325134277,
    "input2_similarities": 0.8664711713790894
}