{
    "input1_similarities": 0.6833992004394531,
    "input2_similarities": 0.963375985622406
}