{
    "input1_similarities": 0.7276912927627563,
    "input2_similarities": 0.8154958486557007
}