{
    "input1_similarities": 0.5219273567199707,
    "input2_similarities": 0.5490317344665527
}