{
    "input1_similarities": 0.8592618703842163,
    "input2_similarities": 0.9749892950057983
}