{
    "input1_similarities": 0.6822904944419861,
    "input2_similarities": 0.6745699644088745
}