{
    "input1_similarities": 0.9209588766098022,
    "input2_similarities": 0.8023656010627747
}