{
    "input1_similarities": 0.9210816621780396,
    "input2_similarities": 0.8094422221183777
}