{
    "input1_similarities": 0.7701494097709656,
    "input2_similarities": 0.7617232203483582
}