{
    "input1_similarities": 0.9178156852722168,
    "input2_similarities": 0.9084952473640442
}