{
    "input1_similarities": 0.9098908305168152,
    "input2_similarities": 0.9398378133773804
}