{
    "input1_similarities": 0.9444375038146973,
    "input2_similarities": 0.8861935138702393
}