{
    "input1_similarities": 0.7348105907440186,
    "input2_similarities": 0.6354193091392517
}