{
    "input1_similarities": 0.9548462629318237,
    "input2_similarities": 0.8830592632293701
}