{
    "input1_similarities": 0.6592985391616821,
    "input2_similarities": 0.4579918682575226
}