{
    "input1_similarities": 0.8517685532569885,
    "input2_similarities": 0.812353253364563
}