{
    "input1_similarities": 0.39282798767089844,
    "input2_similarities": 0.8982647657394409
}