{
    "input1_similarities": 0.8102717399597168,
    "input2_similarities": 0.744012713432312
}