{
    "input1_similarities": 0.4548623263835907,
    "input2_similarities": 0.8904461860656738
}