{
    "input1_similarities": 0.8844172954559326,
    "input2_similarities": 0.8900210857391357
}