{
    "input1_similarities": 0.7985234260559082,
    "input2_similarities": 0.9181295037269592
}