{
    "input1_similarities": 0.931711733341217,
    "input2_similarities": 0.9263033270835876
}