{
    "input1_similarities": 0.7489365339279175,
    "input2_similarities": 0.8631174564361572
}