{
    "input1_similarities": 0.8510677814483643,
    "input2_similarities": 0.942456841468811
}