{
    "input1_similarities": 0.6923853158950806,
    "input2_similarities": 0.5768385529518127
}