{
    "input1_similarities": 0.9229919910430908,
    "input2_similarities": 0.9117411971092224
}