{
    "input1_similarities": 0.7021076083183289,
    "input2_similarities": 0.5770006775856018
}