{
    "input1_similarities": 0.8759843707084656,
    "input2_similarities": 0.7815902233123779
}