{
    "input1_similarities": 0.8442159295082092,
    "input2_similarities": 0.7444895505905151
}