{
    "input1_similarities": 0.8929111957550049,
    "input2_similarities": 0.5161154270172119
}