{
    "input1_similarities": 0.9055581092834473,
    "input2_similarities": 0.8715788125991821
}