{
    "input1_similarities": 0.9741886854171753,
    "input2_similarities": 0.9613211154937744
}