{
    "input1_similarities": 0.8439465761184692,
    "input2_similarities": 0.7940992116928101
}