{
    "input1_similarities": 0.9374345541000366,
    "input2_similarities": 0.9299916625022888
}