{
    "input1_similarities": 0.7447712421417236,
    "input2_similarities": 0.6960169076919556
}