{
    "input1_similarities": 0.7839757204055786,
    "input2_similarities": 0.816204309463501
}