{
    "input1_similarities": 0.8482193946838379,
    "input2_similarities": 0.8299257755279541
}