{
    "input1_similarities": 0.8192843198776245,
    "input2_similarities": 0.8726833462715149
}