{
    "input1_similarities": 0.900667667388916,
    "input2_similarities": 0.7829303741455078
}