{
    "input1_similarities": 0.9431666731834412,
    "input2_similarities": 0.9362770915031433
}