{
    "input1_similarities": 0.9278770685195923,
    "input2_similarities": 0.861377477645874
}