{
    "input1_similarities": 0.8203818202018738,
    "input2_similarities": 0.745572566986084
}