{
    "input1_similarities": 0.8592636585235596,
    "input2_similarities": 0.9161089658737183
}