{
    "input1_similarities": 0.9186734557151794,
    "input2_similarities": 0.8531151413917542
}