{
    "input1_similarities": 0.9346446990966797,
    "input2_similarities": 0.9271779656410217
}