{
    "input1_similarities": 0.7356423139572144,
    "input2_similarities": 0.9047959446907043
}