{
    "input1_similarities": 0.6547511219978333,
    "input2_similarities": 0.5965272784233093
}