{
    "input1_similarities": 0.8705232739448547,
    "input2_similarities": 0.9513424038887024
}