{
    "input1_similarities": 0.9148382544517517,
    "input2_similarities": 0.7988823056221008
}