{
    "input1_similarities": 0.8579534292221069,
    "input2_similarities": 0.8625951409339905
}