{
    "input1_similarities": 0.8795242309570312,
    "input2_similarities": 0.8808688521385193
}