{
    "input1_similarities": 0.7792004346847534,
    "input2_similarities": 0.8049394488334656
}