{
    "input1_similarities": 0.887729287147522,
    "input2_similarities": 0.9356229305267334
}