{
    "input1_similarities": 0.6981366872787476,
    "input2_similarities": 0.7840888500213623
}