{
    "input1_similarities": 0.9034735560417175,
    "input2_similarities": 0.869918942451477
}