{
    "input1_similarities": 0.785275399684906,
    "input2_similarities": 0.8313033580780029
}