{
    "input1_similarities": 0.786110520362854,
    "input2_similarities": 0.6961130499839783
}