{
    "input1_similarities": 0.6066809892654419,
    "input2_similarities": 0.840477705001831
}