{
    "input1_similarities": 0.9025667905807495,
    "input2_similarities": 0.7771974205970764
}