{
    "input1_similarities": 0.6008411645889282,
    "input2_similarities": 0.6455402374267578
}