{
    "input1_similarities": 0.9169449806213379,
    "input2_similarities": 0.8285232186317444
}