{
    "input1_similarities": 0.8294474482536316,
    "input2_similarities": 0.9168341159820557
}