{
    "input1_similarities": 0.9368433952331543,
    "input2_similarities": 0.8162071704864502
}