{
    "input1_similarities": 0.7798119187355042,
    "input2_similarities": 0.7022229433059692
}