{
    "input1_similarities": 0.9082233309745789,
    "input2_similarities": 0.8402372002601624
}