{
    "input1_similarities": 0.9237209558486938,
    "input2_similarities": 0.9158670902252197
}