{
    "input1_similarities": 0.8682562112808228,
    "input2_similarities": 0.8949806690216064
}