{
    "input1_similarities": 0.865882158279419,
    "input2_similarities": 0.805305004119873
}