{
    "input1_similarities": 0.20648521184921265,
    "input2_similarities": 0.5778931379318237
}