{
    "input1_similarities": 0.8642953634262085,
    "input2_similarities": 0.8186042308807373
}