{
    "input1_similarities": 0.9683704376220703,
    "input2_similarities": 0.9787756204605103
}