{
    "input1_similarities": 0.7510277628898621,
    "input2_similarities": 0.7881259918212891
}