{
    "input1_similarities": 0.9315263628959656,
    "input2_similarities": 0.8955579996109009
}