{
    "input1_similarities": 0.8690636157989502,
    "input2_similarities": 0.9008200168609619
}