{
    "input1_similarities": 0.8342657685279846,
    "input2_similarities": 0.9258620738983154
}