{
    "input1_similarities": 0.8846093416213989,
    "input2_similarities": 0.8902866840362549
}