{
    "input1_similarities": 0.9007577896118164,
    "input2_similarities": 0.8764235973358154
}