{
    "input1_similarities": 0.8732222318649292,
    "input2_similarities": 0.8040881156921387
}