{
    "input1_similarities": 0.948387086391449,
    "input2_similarities": 0.9512127041816711
}