{
    "input1_similarities": 0.9413889646530151,
    "input2_similarities": 0.9536145925521851
}