{
    "input1_similarities": 0.8406462669372559,
    "input2_similarities": 0.9517062306404114
}