{
    "input1_similarities": 0.693979024887085,
    "input2_similarities": 0.5473422408103943
}