{
    "input1_similarities": 0.8504347801208496,
    "input2_similarities": 0.9282547235488892
}