{
    "input1_similarities": 0.6774734258651733,
    "input2_similarities": 0.3170473873615265
}