{
    "input1_similarities": 0.916775107383728,
    "input2_similarities": 0.8885709643363953
}