{
    "input1_similarities": 0.28745073080062866,
    "input2_similarities": 0.21049608290195465
}