{
    "input1_similarities": 0.8154997229576111,
    "input2_similarities": 0.88379967212677
}