{
    "input1_similarities": 0.8072413206100464,
    "input2_similarities": 0.8449479341506958
}