{
    "input1_similarities": 0.8903139233589172,
    "input2_similarities": 0.8878291249275208
}