{
    "input1_similarities": 0.8252458572387695,
    "input2_similarities": 0.9453776478767395
}