{
    "input1_similarities": 0.38114187121391296,
    "input2_similarities": 0.4524558186531067
}