{
    "input1_similarities": 0.9534783959388733,
    "input2_similarities": 0.8275161981582642
}