{
    "input1_similarities": 0.8931073546409607,
    "input2_similarities": 0.8444545865058899
}