{
    "input1_similarities": 0.9011235237121582,
    "input2_similarities": 0.9113520383834839
}