{
    "input1_similarities": 0.24337226152420044,
    "input2_similarities": 0.018325848504900932
}