{
    "input1_similarities": 0.903195321559906,
    "input2_similarities": 0.6348536610603333
}