{
    "input1_similarities": 0.8655315637588501,
    "input2_similarities": 0.8712292909622192
}