{
    "input1_similarities": 0.8960391879081726,
    "input2_similarities": 0.9131820201873779
}