{
    "input1_similarities": 0.3221614360809326,
    "input2_similarities": 0.6843247413635254
}