{
    "input1_similarities": 0.8232012987136841,
    "input2_similarities": 0.7246065735816956
}