{
    "input1_similarities": 0.6538439989089966,
    "input2_similarities": 0.6218293905258179
}