{
    "input1_similarities": 0.8071342706680298,
    "input2_similarities": 0.9165908694267273
}