{
    "input1_similarities": 0.9158618450164795,
    "input2_similarities": 0.8402350544929504
}