{
    "input1_similarities": 0.8419712781906128,
    "input2_similarities": 0.8559045791625977
}