{
    "input1_similarities": 0.8327203989028931,
    "input2_similarities": 0.8279993534088135
}