{
    "input1_similarities": 0.9421830177307129,
    "input2_similarities": 0.9214815497398376
}