{
    "input1_similarities": 0.9666547775268555,
    "input2_similarities": 0.932036280632019
}