{
    "input1_similarities": 0.8791763782501221,
    "input2_similarities": 0.9297943115234375
}