{
    "input1_similarities": 0.6950575113296509,
    "input2_similarities": 0.5927793979644775
}