{
    "input1_similarities": 0.8561340570449829,
    "input2_similarities": 0.7424236536026001
}