{
    "input1_similarities": 0.905798614025116,
    "input2_similarities": 0.8993637561798096
}