{
    "input1_similarities": 0.9248316287994385,
    "input2_similarities": 0.7906193733215332
}