{
    "input1_similarities": 0.9028177857398987,
    "input2_similarities": 0.8253047466278076
}