{
    "input1_similarities": 0.8933880925178528,
    "input2_similarities": 0.7357093691825867
}