{
    "input1_similarities": 0.9546827077865601,
    "input2_similarities": 0.9409960508346558
}