{
    "input1_similarities": 0.8576172590255737,
    "input2_similarities": 0.9109663963317871
}