{
    "input1_similarities": 0.9833065867424011,
    "input2_similarities": 1.0000001192092896
}