{
    "input1_similarities": 0.9078437089920044,
    "input2_similarities": 0.9317630529403687
}