{
    "input1_similarities": 0.9337888360023499,
    "input2_similarities": 0.893091082572937
}