{
    "input1_similarities": 0.771570086479187,
    "input2_similarities": 0.7859206795692444
}