{
    "input1_similarities": 0.6886991262435913,
    "input2_similarities": 0.8116243481636047
}