{
    "input1_similarities": 0.9248504042625427,
    "input2_similarities": 0.8960777521133423
}