{
    "input1_similarities": 0.818729043006897,
    "input2_similarities": 0.7510871291160583
}