{
    "input1_similarities": 0.9081445336341858,
    "input2_similarities": 0.8973157405853271
}