{
    "input1_similarities": 0.8804761171340942,
    "input2_similarities": 0.8623053431510925
}