{
    "input1_similarities": 0.9186828136444092,
    "input2_similarities": 0.9347742795944214
}