{
    "input1_similarities": 0.7997387647628784,
    "input2_similarities": 0.7154278755187988
}