{
    "input1_similarities": 0.8043463230133057,
    "input2_similarities": 0.7838864326477051
}