{
    "input1_similarities": 0.9301098585128784,
    "input2_similarities": 0.5265421271324158
}