{
    "input1_similarities": 0.9435322284698486,
    "input2_similarities": 0.9133462905883789
}