{
    "input1_similarities": 0.7805580496788025,
    "input2_similarities": 0.7597783803939819
}