{
    "input1_similarities": 0.8346190452575684,
    "input2_similarities": 0.8618491888046265
}