{
    "input1_similarities": 0.9192843437194824,
    "input2_similarities": 0.9002218246459961
}