{
    "input1_similarities": 0.9177020788192749,
    "input2_similarities": 0.8606066107749939
}