{
    "input1_similarities": 0.842326283454895,
    "input2_similarities": 0.7638713121414185
}