{
    "input1_similarities": 0.7904918193817139,
    "input2_similarities": 0.8264926671981812
}