{
    "input1_similarities": 0.9570467472076416,
    "input2_similarities": 0.9638785123825073
}