{
    "input1_similarities": 0.5585637092590332,
    "input2_similarities": 0.8924524188041687
}