{
    "input1_similarities": 0.8419992327690125,
    "input2_similarities": 0.8615192174911499
}