{
    "input1_similarities": 0.9663209915161133,
    "input2_similarities": 0.8594956398010254
}