{
    "input1_similarities": 0.8642216324806213,
    "input2_similarities": 0.9339640140533447
}