{
    "input1_similarities": 0.796930193901062,
    "input2_similarities": 0.6608669757843018
}