{
    "input1_similarities": 0.904546320438385,
    "input2_similarities": 0.9041235446929932
}