{
    "input1_similarities": 0.9079165458679199,
    "input2_similarities": 0.9362221956253052
}