{
    "input1_similarities": 0.9472862482070923,
    "input2_similarities": 0.9913181066513062
}