{
    "input1_similarities": 0.6297467947006226,
    "input2_similarities": 0.6793456077575684
}