{
    "input1_similarities": 0.960533082485199,
    "input2_similarities": 0.9384775757789612
}