{
    "input1_similarities": 0.8814481496810913,
    "input2_similarities": 0.9275210499763489
}