{
    "input1_similarities": 0.8289269208908081,
    "input2_similarities": 0.8361525535583496
}