{
    "input1_similarities": 0.8614555597305298,
    "input2_similarities": 0.8682750463485718
}