{
    "input1_similarities": 0.611411452293396,
    "input2_similarities": 0.7269341945648193
}