{
    "input1_similarities": 0.9320749044418335,
    "input2_similarities": 0.781912088394165
}