{
    "input1_similarities": 0.8704975247383118,
    "input2_similarities": 0.9024144411087036
}