{
    "input1_similarities": 0.8968172669410706,
    "input2_similarities": 0.8870996236801147
}