{
    "input1_similarities": 0.8095981478691101,
    "input2_similarities": 0.8286101818084717
}