{
    "input1_similarities": 0.6597561240196228,
    "input2_similarities": 0.8603236675262451
}