{
    "input1_similarities": 0.7295116186141968,
    "input2_similarities": 0.692011296749115
}