{
    "input1_similarities": 0.8887894749641418,
    "input2_similarities": 0.8292202949523926
}