{
    "input1_similarities": 0.8011581897735596,
    "input2_similarities": 0.7829464673995972
}