{
    "input1_similarities": 0.8411949276924133,
    "input2_similarities": 0.8838381767272949
}