{
    "input1_similarities": 0.8305613994598389,
    "input2_similarities": 0.7035751342773438
}