{
    "input1_similarities": 0.10130710899829865,
    "input2_similarities": 0.13490912318229675
}