{
    "input1_similarities": 0.941643476486206,
    "input2_similarities": 0.8615841865539551
}