{
    "input1_similarities": 0.7829383015632629,
    "input2_similarities": 0.71982342004776
}