{
    "input1_similarities": 0.8752025961875916,
    "input2_similarities": 0.8373942375183105
}