{
    "input1_similarities": 0.8005250692367554,
    "input2_similarities": 0.8124819993972778
}