{
    "input1_similarities": 0.8119890093803406,
    "input2_similarities": 0.8082548379898071
}