{
    "input1_similarities": 0.9358617663383484,
    "input2_similarities": 0.9587898850440979
}