{
    "input1_similarities": 0.8009433150291443,
    "input2_similarities": 0.7867314219474792
}