{
    "input1_similarities": 0.839885950088501,
    "input2_similarities": 0.835105836391449
}