{
    "input1_similarities": 0.9702765941619873,
    "input2_similarities": 0.9973909258842468
}