{
    "input1_similarities": 0.8550413250923157,
    "input2_similarities": 0.9289511442184448
}