{
    "input1_similarities": 0.804811418056488,
    "input2_similarities": 0.7805162668228149
}