{
    "input1_similarities": 0.8681176900863647,
    "input2_similarities": 0.9193153381347656
}