{
    "input1_similarities": 0.7817553877830505,
    "input2_similarities": 0.7485407590866089
}