{
    "input1_similarities": 0.9089030027389526,
    "input2_similarities": 0.9219472408294678
}