{
    "input1_similarities": 0.8919602036476135,
    "input2_similarities": 0.9368276596069336
}