{
    "input1_similarities": 0.8923816680908203,
    "input2_similarities": 0.8697739243507385
}