{
    "input1_similarities": 0.950675368309021,
    "input2_similarities": 0.9454764723777771
}