{
    "input1_similarities": 0.7264342308044434,
    "input2_similarities": 0.8447177410125732
}