{
    "input1_similarities": 0.8413355350494385,
    "input2_similarities": 0.8364919424057007
}