{
    "input1_similarities": 0.3497992157936096,
    "input2_similarities": 0.3543716073036194
}