{
    "input1_similarities": 0.7779473066329956,
    "input2_similarities": 0.9431045055389404
}