{
    "input1_similarities": 0.8245067596435547,
    "input2_similarities": 0.7695455551147461
}