{
    "input1_similarities": 0.7937164902687073,
    "input2_similarities": 0.6016408801078796
}