{
    "input1_similarities": 0.9118165373802185,
    "input2_similarities": 0.8504884243011475
}