{
    "input1_similarities": 0.8846215009689331,
    "input2_similarities": 0.8503592014312744
}