{
    "input1_similarities": 0.9836636781692505,
    "input2_similarities": 0.8164214491844177
}