{
    "input1_similarities": 0.9617461562156677,
    "input2_similarities": 0.9697213768959045
}