{
    "input1_similarities": 0.7858809232711792,
    "input2_similarities": 0.9294842481613159
}