{
    "input1_similarities": 0.7214621305465698,
    "input2_similarities": 0.7212939858436584
}