{
    "input1_similarities": 0.89911949634552,
    "input2_similarities": 0.8601151704788208
}