{
    "input1_similarities": 0.582551121711731,
    "input2_similarities": 0.652214527130127
}