{
    "input1_similarities": 0.7687786221504211,
    "input2_similarities": 0.8688094615936279
}