{
    "input1_similarities": 0.9228615164756775,
    "input2_similarities": 0.9736287593841553
}