{
    "input1_similarities": 0.9289504885673523,
    "input2_similarities": 0.9015911221504211
}