{
    "input1_similarities": 0.7958986759185791,
    "input2_similarities": 0.7774465084075928
}