{
    "input1_similarities": 0.9436065554618835,
    "input2_similarities": 0.8757433891296387
}