{
    "input1_similarities": 0.7986255884170532,
    "input2_similarities": 0.910569429397583
}