{
    "input1_similarities": 0.8091611862182617,
    "input2_similarities": 0.9424010515213013
}