{
    "input1_similarities": 0.8558896780014038,
    "input2_similarities": 0.7746808528900146
}