{
    "input1_similarities": 0.7866063714027405,
    "input2_similarities": 0.759091317653656
}