{
    "input1_similarities": 0.8927198052406311,
    "input2_similarities": 0.9109187126159668
}