{
    "input1_similarities": 0.9192795157432556,
    "input2_similarities": 0.8979390859603882
}