{
    "input1_similarities": 0.7416281700134277,
    "input2_similarities": 0.8028371930122375
}