{
    "input1_similarities": 0.7387665510177612,
    "input2_similarities": 0.7897535562515259
}