{
    "input1_similarities": 0.7964378595352173,
    "input2_similarities": 0.8659659624099731
}