{
    "input1_similarities": 0.7135425209999084,
    "input2_similarities": 0.5151643753051758
}