{
    "input1_similarities": 0.9450508952140808,
    "input2_similarities": 0.9487425088882446
}