{
    "input1_similarities": 0.8670545816421509,
    "input2_similarities": 0.8011860847473145
}