{
    "input1_similarities": 0.8551168441772461,
    "input2_similarities": 0.9526838064193726
}