{
    "input1_similarities": 0.9230161905288696,
    "input2_similarities": 0.835098922252655
}