{
    "input1_similarities": 0.8716682195663452,
    "input2_similarities": 0.8271077275276184
}