{
    "input1_similarities": 0.7454559206962585,
    "input2_similarities": 0.9390403032302856
}