{
    "input1_similarities": 0.8949614763259888,
    "input2_similarities": 0.9589719772338867
}