{
    "input1_similarities": 0.868259847164154,
    "input2_similarities": 0.9113963842391968
}