{
    "input1_similarities": 0.6170833706855774,
    "input2_similarities": 0.7053292393684387
}