{
    "input1_similarities": 0.911064863204956,
    "input2_similarities": 0.880789041519165
}