{
    "input1_similarities": 0.9053267240524292,
    "input2_similarities": 0.7952706217765808
}