{
    "input1_similarities": 0.8531285524368286,
    "input2_similarities": 0.9154489636421204
}