{
    "input1_similarities": 0.8638010025024414,
    "input2_similarities": 0.8691143989562988
}