{
    "input1_similarities": 0.9439218640327454,
    "input2_similarities": 0.7833124399185181
}