{
    "input1_similarities": 0.8781479597091675,
    "input2_similarities": 0.5490761995315552
}