{
    "input1_similarities": 0.9193400740623474,
    "input2_similarities": 0.880241334438324
}