{
    "input1_similarities": 0.9501737952232361,
    "input2_similarities": 0.9298524260520935
}