{
    "input1_similarities": 0.8755767941474915,
    "input2_similarities": 0.8716260194778442
}