{
    "input1_similarities": 0.7097004055976868,
    "input2_similarities": 0.8223098516464233
}