{
    "input1_similarities": 0.93769770860672,
    "input2_similarities": 0.9682539701461792
}