{
    "input1_similarities": 0.7907293438911438,
    "input2_similarities": 0.7637922763824463
}