{
    "input1_similarities": 0.7771211862564087,
    "input2_similarities": 0.7947018146514893
}