{
    "input1_similarities": 0.87885582447052,
    "input2_similarities": 0.7418105602264404
}