{
    "input1_similarities": 0.7726585268974304,
    "input2_similarities": 0.9272067546844482
}