{
    "input1_similarities": 0.5050738453865051,
    "input2_similarities": 0.3801642060279846
}