{
    "input1_similarities": 0.20299577713012695,
    "input2_similarities": 0.1996624767780304
}