{
    "input1_similarities": 0.7699848413467407,
    "input2_similarities": 0.9353459477424622
}