{
    "input1_similarities": 0.6412519216537476,
    "input2_similarities": 0.5655884742736816
}