{
    "input1_similarities": 0.7200831770896912,
    "input2_similarities": 0.764714241027832
}