{
    "input1_similarities": 0.9104942679405212,
    "input2_similarities": 0.8997448682785034
}