{
    "input1_similarities": 0.9228705167770386,
    "input2_similarities": 0.909576952457428
}