{
    "input1_similarities": 0.9123995304107666,
    "input2_similarities": 0.9536938667297363
}