{
    "input1_similarities": 0.4369482100009918,
    "input2_similarities": 0.47763800621032715
}