{
    "input1_similarities": 0.8720470666885376,
    "input2_similarities": 0.9786503911018372
}