{
    "input1_similarities": 0.8859143853187561,
    "input2_similarities": 0.8851873278617859
}