{
    "input1_similarities": 0.9325264692306519,
    "input2_similarities": 0.9475027322769165
}