{
    "input1_similarities": 0.8779269456863403,
    "input2_similarities": 0.8424841165542603
}