{
    "input1_similarities": 0.7418862581253052,
    "input2_similarities": 0.8078354597091675
}