{
    "input1_similarities": 0.7014490365982056,
    "input2_similarities": 0.7874245643615723
}