{
    "input1_similarities": 0.5051447153091431,
    "input2_similarities": 0.40575268864631653
}