{
    "input1_similarities": 0.7306975722312927,
    "input2_similarities": 0.9243978261947632
}