{
    "input1_similarities": 0.8720991611480713,
    "input2_similarities": 0.8781530261039734
}