{
    "input1_similarities": 0.8343750238418579,
    "input2_similarities": 0.8817146420478821
}