{
    "input1_similarities": 0.2263701856136322,
    "input2_similarities": 0.4182949662208557
}