{
    "input1_similarities": 0.622962236404419,
    "input2_similarities": 0.6868486404418945
}