{
    "input1_similarities": 0.8758216500282288,
    "input2_similarities": 0.5971807241439819
}