{
    "input1_similarities": 0.6989721655845642,
    "input2_similarities": 0.47166991233825684
}