{
    "input1_similarities": 0.7383578419685364,
    "input2_similarities": 0.8562505841255188
}