{
    "input1_similarities": 0.3445654511451721,
    "input2_similarities": 0.5020169615745544
}