{
    "input1_similarities": 0.7964083552360535,
    "input2_similarities": 0.8366681337356567
}