{
    "input1_similarities": 0.8745979070663452,
    "input2_similarities": 0.8295893669128418
}