{
    "input1_similarities": 0.8328077793121338,
    "input2_similarities": 0.8822495937347412
}