{
    "input1_similarities": 0.6938742995262146,
    "input2_similarities": 0.6938742995262146
}