{
    "input1_similarities": 0.9261161088943481,
    "input2_similarities": 0.7963900566101074
}