{
    "input1_similarities": 0.5135622024536133,
    "input2_similarities": 0.6054850816726685
}