{
    "input1_similarities": 0.7032563090324402,
    "input2_similarities": 0.9025239944458008
}