{
    "input1_similarities": 0.5187151432037354,
    "input2_similarities": 0.5187151432037354
}