{
    "input1_similarities": 0.7465758323669434,
    "input2_similarities": 0.8511229157447815
}