{
    "input1_similarities": 0.6687686443328857,
    "input2_similarities": 0.8316572308540344
}