{
    "input1_similarities": 0.7879888415336609,
    "input2_similarities": 0.729722797870636
}