{
    "input1_similarities": 0.7118711471557617,
    "input2_similarities": 0.7584690451622009
}