{
    "input1_similarities": 0.6914411783218384,
    "input2_similarities": 0.7946997880935669
}