{
    "input1_similarities": 0.4041079878807068,
    "input2_similarities": 0.4955478608608246
}