{
    "input1_similarities": 0.9048706293106079,
    "input2_similarities": 0.9834839701652527
}