{
    "input1_similarities": 0.8302614092826843,
    "input2_similarities": 0.9012213945388794
}