{
    "input1_similarities": 0.9426144361495972,
    "input2_similarities": 0.9161457419395447
}