{
    "input1_similarities": 0.8846322298049927,
    "input2_similarities": 0.8879244327545166
}