{
    "input1_similarities": 0.8791119456291199,
    "input2_similarities": 0.8362818360328674
}