{
    "input1_similarities": 0.7644041776657104,
    "input2_similarities": 0.7446409463882446
}