{
    "input1_similarities": 0.8673791885375977,
    "input2_similarities": 0.6396443843841553
}