{
    "input1_similarities": 0.3803962469100952,
    "input2_similarities": 0.2086532711982727
}