{
    "input1_similarities": 0.9068300724029541,
    "input2_similarities": 0.9207096695899963
}