{
    "input1_similarities": 0.8892749547958374,
    "input2_similarities": 0.8391736745834351
}