{
    "input1_similarities": 0.9228630065917969,
    "input2_similarities": 0.9282617568969727
}