{
    "input1_similarities": 0.877353847026825,
    "input2_similarities": 0.6687424778938293
}