{
    "input1_similarities": 0.48669159412384033,
    "input2_similarities": 0.33689337968826294
}