{
    "input1_similarities": 0.9631756544113159,
    "input2_similarities": 0.9026467800140381
}