{
    "input1_similarities": 0.9032684564590454,
    "input2_similarities": 0.880483865737915
}