{
    "input1_similarities": 0.8480691909790039,
    "input2_similarities": 0.7586468458175659
}