{
    "input1_similarities": 0.9580645561218262,
    "input2_similarities": 0.9370996356010437
}