{
    "input1_similarities": 0.8259630799293518,
    "input2_similarities": 0.9413238763809204
}