{
    "input1_similarities": 0.449338436126709,
    "input2_similarities": 0.12795007228851318
}