{
    "input1_similarities": 0.8989334106445312,
    "input2_similarities": 0.900267481803894
}