{
    "input1_similarities": 0.8391534090042114,
    "input2_similarities": 0.6329360604286194
}