{
    "input1_similarities": 0.9257289171218872,
    "input2_similarities": 0.838196873664856
}