{
    "input1_similarities": 0.6317659616470337,
    "input2_similarities": 0.7170189619064331
}