{
    "input1_similarities": 0.8847513198852539,
    "input2_similarities": 0.9334126710891724
}