{
    "input1_similarities": 0.7718154191970825,
    "input2_similarities": 0.7513313293457031
}