{
    "input1_similarities": 0.7697068452835083,
    "input2_similarities": 0.8484465479850769
}