{
    "input1_similarities": 0.9648631811141968,
    "input2_similarities": 0.9213030338287354
}