{
    "input1_similarities": 0.6994249820709229,
    "input2_similarities": 0.6747572422027588
}