{
    "input1_similarities": 0.8063411712646484,
    "input2_similarities": 0.8029444217681885
}