{
    "input1_similarities": 0.8965750932693481,
    "input2_similarities": 0.9352467656135559
}