{
    "input1_similarities": 0.9261293411254883,
    "input2_similarities": 0.9432380199432373
}