{
    "input1_similarities": 0.9205102324485779,
    "input2_similarities": 0.9280353784561157
}