{
    "input1_similarities": 0.8587436676025391,
    "input2_similarities": 0.8635911345481873
}