{
    "input1_similarities": 0.9552134275436401,
    "input2_similarities": 0.7933007478713989
}