{
    "input1_similarities": 0.9455054998397827,
    "input2_similarities": 0.9289103746414185
}