{
    "input1_similarities": 0.8888766765594482,
    "input2_similarities": 0.9345875978469849
}