{
    "input1_similarities": 0.9785281419754028,
    "input2_similarities": 0.6612516641616821
}