{
    "input1_similarities": 0.9339048266410828,
    "input2_similarities": 0.9144737720489502
}