{
    "input1_similarities": 0.8709865808486938,
    "input2_similarities": 0.8825081586837769
}