{
    "input1_similarities": 0.6378002166748047,
    "input2_similarities": 0.6564993858337402
}