{
    "input1_similarities": 0.8500692844390869,
    "input2_similarities": 0.8185450434684753
}