{
    "input1_similarities": 0.8307585716247559,
    "input2_similarities": 0.9252572059631348
}