{
    "input1_similarities": 0.6775818467140198,
    "input2_similarities": 0.714537501335144
}