{
    "input1_similarities": 0.655643880367279,
    "input2_similarities": 0.6003206372261047
}