{
    "input1_similarities": 0.9493423104286194,
    "input2_similarities": 0.9773879051208496
}