{
    "input1_similarities": 0.29458552598953247,
    "input2_similarities": 0.3888501226902008
}