{
    "input1_similarities": 0.9312247037887573,
    "input2_similarities": 0.9264461398124695
}