{
    "input1_similarities": 0.779582679271698,
    "input2_similarities": 0.7809675931930542
}