{
    "input1_similarities": 0.9403097629547119,
    "input2_similarities": 0.8616342544555664
}