{
    "input1_similarities": 0.7163483500480652,
    "input2_similarities": 0.8262414336204529
}