{
    "input1_similarities": 0.39499208331108093,
    "input2_similarities": 0.5715415477752686
}