{
    "input1_similarities": 0.8201133608818054,
    "input2_similarities": 0.7730302214622498
}