{
    "input1_similarities": 0.9024889469146729,
    "input2_similarities": 0.6982458233833313
}