{
    "input1_similarities": 0.19361287355422974,
    "input2_similarities": 0.13852891325950623
}