{
    "input1_similarities": 0.9260152578353882,
    "input2_similarities": 0.8356168270111084
}