{
    "input1_similarities": 0.6619443297386169,
    "input2_similarities": 0.9085086584091187
}