{
    "input1_similarities": 0.8244420886039734,
    "input2_similarities": 0.7536083459854126
}