{
    "input1_similarities": 0.6388547420501709,
    "input2_similarities": 0.7489181756973267
}