{
    "input1_similarities": 0.9882436394691467,
    "input2_similarities": 0.9843157529830933
}