{
    "input1_similarities": 0.4209730625152588,
    "input2_similarities": 0.27669718861579895
}