{
    "input1_similarities": 0.3960890769958496,
    "input2_similarities": 0.3764347434043884
}