{
    "input1_similarities": 0.9190315008163452,
    "input2_similarities": 0.912500262260437
}