{
    "input1_similarities": 0.7409987449645996,
    "input2_similarities": 0.9347823262214661
}