{
    "input1_similarities": 0.9335645437240601,
    "input2_similarities": 0.8854968547821045
}