{
    "input1_similarities": 0.9504694938659668,
    "input2_similarities": 0.9016467928886414
}