{
    "input1_similarities": 0.8683798313140869,
    "input2_similarities": 0.8688383102416992
}