{
    "input1_similarities": 0.8427598476409912,
    "input2_similarities": 0.9458072185516357
}