{
    "input1_similarities": 0.9808386564254761,
    "input2_similarities": 0.97754967212677
}