{
    "input1_similarities": 0.9194958209991455,
    "input2_similarities": 0.8809568881988525
}