{
    "input1_similarities": 0.8852729797363281,
    "input2_similarities": 0.7373480796813965
}