{
    "input1_similarities": 0.6315484642982483,
    "input2_similarities": 0.731075644493103
}