{
    "input1_similarities": 0.8768289685249329,
    "input2_similarities": 0.8278712034225464
}