{
    "input1_similarities": 0.9401810765266418,
    "input2_similarities": 0.8110885620117188
}