{
    "input1_similarities": 0.8978917002677917,
    "input2_similarities": 0.8880969285964966
}