{
    "input1_similarities": 0.9233798980712891,
    "input2_similarities": 0.8563556671142578
}