{
    "input1_similarities": 0.8921390771865845,
    "input2_similarities": 0.9492893218994141
}