{
    "input1_similarities": 0.891915500164032,
    "input2_similarities": 0.5745805501937866
}