{
    "input1_similarities": 0.9308850765228271,
    "input2_similarities": 0.8707314133644104
}