{
    "input1_similarities": 0.876427948474884,
    "input2_similarities": 0.7707961201667786
}