{
    "input1_similarities": 0.921252429485321,
    "input2_similarities": 0.8712563514709473
}