{
    "input1_similarities": 0.8396639227867126,
    "input2_similarities": 0.7376385927200317
}