{
    "input1_similarities": 0.8031086921691895,
    "input2_similarities": 0.5423693060874939
}