{
    "input1_similarities": 0.8523136377334595,
    "input2_similarities": 0.9369731545448303
}