{
    "input1_similarities": 0.6699392795562744,
    "input2_similarities": 0.8028404712677002
}