{
    "input1_similarities": 0.7764452695846558,
    "input2_similarities": 0.3671839237213135
}