{
    "input1_similarities": 0.8491466045379639,
    "input2_similarities": 0.8456419706344604
}