{
    "input1_similarities": 0.5386479496955872,
    "input2_similarities": 0.6363629698753357
}