{
    "input1_similarities": 0.7927323579788208,
    "input2_similarities": 0.825736403465271
}