{
    "input1_similarities": 0.9541506767272949,
    "input2_similarities": 0.808809220790863
}