{
    "input1_similarities": 0.7104293704032898,
    "input2_similarities": 0.7688881158828735
}