{
    "input1_similarities": 0.2564517855644226,
    "input2_similarities": 0.3903968632221222
}