{
    "input1_similarities": 0.9272401928901672,
    "input2_similarities": 0.8263974189758301
}