{
    "input1_similarities": 0.852051854133606,
    "input2_similarities": 0.978743314743042
}