{
    "input1_similarities": 0.8039551377296448,
    "input2_similarities": 0.8144484758377075
}