{
    "input1_similarities": 0.8968924880027771,
    "input2_similarities": 0.8694003820419312
}