{
    "input1_similarities": 0.9094223976135254,
    "input2_similarities": 0.6499494910240173
}