{
    "input1_similarities": 0.883491575717926,
    "input2_similarities": 0.8220040798187256
}