{
    "input1_similarities": 0.9605002999305725,
    "input2_similarities": 0.9793908596038818
}