{
    "input1_similarities": 0.9671388268470764,
    "input2_similarities": 0.9016585350036621
}