{
    "input1_similarities": 0.8547021746635437,
    "input2_similarities": 0.9100964069366455
}