{
    "input1_similarities": 0.905019998550415,
    "input2_similarities": 0.8046483993530273
}