{
    "input1_similarities": 0.776366114616394,
    "input2_similarities": 0.8871616125106812
}