{
    "input1_similarities": 0.7948992252349854,
    "input2_similarities": 0.8552066087722778
}