{
    "input1_similarities": 0.9153738021850586,
    "input2_similarities": 0.8867084980010986
}