{
    "input1_similarities": 0.941957414150238,
    "input2_similarities": 0.842531681060791
}