{
    "input1_similarities": 0.9606449007987976,
    "input2_similarities": 0.8335886001586914
}