{
    "input1_similarities": 0.9379068613052368,
    "input2_similarities": 0.90656578540802
}