{
    "input1_similarities": 0.8746596574783325,
    "input2_similarities": 0.8282498121261597
}