{
    "input1_similarities": 0.8535541892051697,
    "input2_similarities": 0.8724137544631958
}