{
    "input1_similarities": 0.9278019666671753,
    "input2_similarities": 0.9443961381912231
}