{
    "input1_similarities": 0.8809058666229248,
    "input2_similarities": 0.7821273803710938
}