{
    "input1_similarities": 0.8226872682571411,
    "input2_similarities": 0.7733268737792969
}