{
    "input1_similarities": 0.9768167734146118,
    "input2_similarities": 0.8704686760902405
}