{
    "input1_similarities": 0.8006201982498169,
    "input2_similarities": 0.8634419441223145
}