{
    "input1_similarities": 0.8432326316833496,
    "input2_similarities": 0.7762052416801453
}