{
    "input1_similarities": 0.6087022423744202,
    "input2_similarities": 0.4730151891708374
}