{
    "input1_similarities": 0.8233988285064697,
    "input2_similarities": 0.9005025625228882
}