{
    "input1_similarities": 0.9411382675170898,
    "input2_similarities": 0.9507232308387756
}