{
    "input1_similarities": 0.9380383491516113,
    "input2_similarities": 0.9363840222358704
}