{
    "input1_similarities": 0.9220330715179443,
    "input2_similarities": 0.9270391464233398
}