{
    "input1_similarities": 0.6971737146377563,
    "input2_similarities": 0.33395054936408997
}