{
    "input1_similarities": 0.9524905681610107,
    "input2_similarities": 0.9333987236022949
}