{
    "input1_similarities": 0.8260749578475952,
    "input2_similarities": 0.7798463106155396
}