{
    "input1_similarities": 0.7781393527984619,
    "input2_similarities": 0.7559242844581604
}