{
    "input1_similarities": 0.8877992630004883,
    "input2_similarities": 0.8847736120223999
}