{
    "input1_similarities": 0.7139939665794373,
    "input2_similarities": 0.5409597158432007
}