{
    "input1_similarities": 0.8507908582687378,
    "input2_similarities": 0.8396095633506775
}