{
    "input1_similarities": 0.9033806324005127,
    "input2_similarities": 0.840062141418457
}