{
    "input1_similarities": 0.9607200622558594,
    "input2_similarities": 0.963090181350708
}