{
    "input1_similarities": 0.8055287599563599,
    "input2_similarities": 0.8369647264480591
}