{
    "input1_similarities": 0.1474413275718689,
    "input2_similarities": 0.060995280742645264
}