{
    "input1_similarities": 0.5596170425415039,
    "input2_similarities": 0.5230765342712402
}