{
    "input1_similarities": 0.8065952062606812,
    "input2_similarities": 0.790645182132721
}