{
    "input1_similarities": 0.8475159406661987,
    "input2_similarities": 0.8672440052032471
}