{
    "input1_similarities": 0.7957823872566223,
    "input2_similarities": 0.7702057957649231
}