{
    "input1_similarities": 0.8746771812438965,
    "input2_similarities": 0.8249632120132446
}