{
    "input1_similarities": 0.8438233733177185,
    "input2_similarities": 0.833801805973053
}