{
    "input1_similarities": 0.7514190077781677,
    "input2_similarities": 0.7852359414100647
}