{
    "input1_similarities": 0.6927763223648071,
    "input2_similarities": 0.6471728682518005
}