{
    "input1_similarities": 0.7970815300941467,
    "input2_similarities": 0.8324807286262512
}