{
    "input1_similarities": 0.10753089189529419,
    "input2_similarities": 0.6349025964736938
}