{
    "input1_similarities": 0.8988542556762695,
    "input2_similarities": 0.9328911304473877
}