{
    "input1_similarities": 0.9890478253364563,
    "input2_similarities": 0.9036117196083069
}