{
    "input1_similarities": 0.7043884992599487,
    "input2_similarities": 0.6182150840759277
}