{
    "input1_similarities": 0.9398892521858215,
    "input2_similarities": 0.9286364912986755
}