{
    "input1_similarities": 0.9752987623214722,
    "input2_similarities": 0.8872886896133423
}