{
    "input1_similarities": 0.9182255864143372,
    "input2_similarities": 0.6783018112182617
}