{
    "input1_similarities": 0.4991014003753662,
    "input2_similarities": 0.6839816570281982
}