{
    "input1_similarities": 0.8444333672523499,
    "input2_similarities": 0.40200820565223694
}