{
    "input1_similarities": 0.8700888752937317,
    "input2_similarities": 0.8150508403778076
}