{
    "input1_similarities": 0.5877732038497925,
    "input2_similarities": 0.5880558490753174
}