{
    "input1_similarities": 0.8310049772262573,
    "input2_similarities": 0.9547441005706787
}