{
    "input1_similarities": 0.9495264887809753,
    "input2_similarities": 0.7783447504043579
}