{
    "input1_similarities": 0.5504840016365051,
    "input2_similarities": 0.5449157357215881
}