{
    "input1_similarities": 0.89054936170578,
    "input2_similarities": 0.8175203800201416
}