{
    "input1_similarities": 0.8230035305023193,
    "input2_similarities": 0.9105411767959595
}