{
    "input1_similarities": 0.7764905691146851,
    "input2_similarities": 0.8129183053970337
}