{
    "input1_similarities": 0.8619396686553955,
    "input2_similarities": 0.8102644681930542
}