{
    "input1_similarities": 0.7967915534973145,
    "input2_similarities": 0.7091060876846313
}