{
    "input1_similarities": 0.38339126110076904,
    "input2_similarities": 0.2661454975605011
}