{
    "input1_similarities": 0.8118435144424438,
    "input2_similarities": 0.925142765045166
}