{
    "input1_similarities": 0.9576870203018188,
    "input2_similarities": 0.8556432723999023
}