{
    "input1_similarities": 0.8965511322021484,
    "input2_similarities": 0.8601855039596558
}