{
    "input1_similarities": 0.7214857339859009,
    "input2_similarities": 0.9118552207946777
}