{
    "input1_similarities": 0.8499442338943481,
    "input2_similarities": 0.8954649567604065
}