{
    "input1_similarities": 0.9722102880477905,
    "input2_similarities": 0.9422223567962646
}