{
    "input1_similarities": 0.5012094974517822,
    "input2_similarities": 0.5247358083724976
}