{
    "input1_similarities": 0.7212344408035278,
    "input2_similarities": 0.9062707424163818
}