{
    "input1_similarities": 0.824222207069397,
    "input2_similarities": 0.794461727142334
}