{
    "input1_similarities": 0.21849068999290466,
    "input2_similarities": 0.8957054615020752
}