{
    "input1_similarities": 0.385656476020813,
    "input2_similarities": 0.40652745962142944
}