{
    "input1_similarities": 0.9285760521888733,
    "input2_similarities": 0.8886786699295044
}