{
    "input1_similarities": 0.7867594957351685,
    "input2_similarities": 0.9469361901283264
}