{
    "input1_similarities": 0.6471960544586182,
    "input2_similarities": 0.6146975159645081
}