{
    "input1_similarities": 0.6560275554656982,
    "input2_similarities": 0.8928747177124023
}