{
    "input1_similarities": 0.8838923573493958,
    "input2_similarities": 0.9605328440666199
}