{
    "input1_similarities": 0.7805073857307434,
    "input2_similarities": 0.8852142691612244
}