{
    "input1_similarities": 0.6531957387924194,
    "input2_similarities": 0.4964158236980438
}