{
    "input1_similarities": 0.7675400972366333,
    "input2_similarities": 0.8525213599205017
}