{
    "input1_similarities": 0.8914657831192017,
    "input2_similarities": 0.9071711301803589
}