{
    "input1_similarities": 0.8081570863723755,
    "input2_similarities": 0.9175600409507751
}