{
    "input1_similarities": 0.8635351657867432,
    "input2_similarities": 0.8907790184020996
}