{
    "input1_similarities": 0.9212846755981445,
    "input2_similarities": 0.9393494129180908
}