{
    "input1_similarities": 0.7315567135810852,
    "input2_similarities": 0.9714754819869995
}