{
    "input1_similarities": 0.9265079498291016,
    "input2_similarities": 0.9400478005409241
}