{
    "input1_similarities": 0.7290090918540955,
    "input2_similarities": 0.6652699708938599
}