{
    "input1_similarities": 0.7798332571983337,
    "input2_similarities": 0.859197735786438
}