{
    "input1_similarities": 0.7133511304855347,
    "input2_similarities": 0.5193856358528137
}