{
    "input1_similarities": 0.7934238910675049,
    "input2_similarities": 0.9431731104850769
}