{
    "input1_similarities": 0.9000617265701294,
    "input2_similarities": 0.8098667860031128
}