{
    "input1_similarities": 0.7991790771484375,
    "input2_similarities": 0.7930071353912354
}