{
    "input1_similarities": 0.8337815999984741,
    "input2_similarities": 0.8891370892524719
}