{
    "input1_similarities": 0.7712159156799316,
    "input2_similarities": 0.5954064726829529
}