{
    "input1_similarities": 0.940190315246582,
    "input2_similarities": 0.8746079206466675
}