{
    "input1_similarities": 0.8294858932495117,
    "input2_similarities": 0.9509741067886353
}