{
    "input1_similarities": 0.3631231486797333,
    "input2_similarities": 0.4598159193992615
}