{
    "input1_similarities": 0.8968105912208557,
    "input2_similarities": 0.8213000297546387
}