{
    "input1_similarities": 0.9287964701652527,
    "input2_similarities": 0.9415326118469238
}