{
    "input1_similarities": 0.889362633228302,
    "input2_similarities": 0.788650631904602
}