{
    "input1_similarities": 0.963448166847229,
    "input2_similarities": 0.9198805093765259
}