{
    "input1_similarities": 0.9647113680839539,
    "input2_similarities": 0.8030517101287842
}