{
    "input1_similarities": 0.8478696346282959,
    "input2_similarities": 0.8797932863235474
}