{
    "input1_similarities": 0.7062486410140991,
    "input2_similarities": 0.7793055772781372
}