{
    "input1_similarities": 0.25460678339004517,
    "input2_similarities": 0.4579315781593323
}