{
    "input1_similarities": 0.43963345885276794,
    "input2_similarities": 0.5171208381652832
}