{
    "input1_similarities": 0.9210630655288696,
    "input2_similarities": 0.9160233736038208
}