{
    "input1_similarities": 0.8612100481987,
    "input2_similarities": 0.8884847164154053
}