{
    "input1_similarities": 0.8075291514396667,
    "input2_similarities": 0.843036949634552
}