{
    "input1_similarities": 0.8723124265670776,
    "input2_similarities": 0.933247447013855
}