{
    "input1_similarities": 0.27938422560691833,
    "input2_similarities": 0.1221388727426529
}