{
    "input1_similarities": 0.9427179098129272,
    "input2_similarities": 0.9576745629310608
}