{
    "input1_similarities": 0.8751341104507446,
    "input2_similarities": 0.8852770328521729
}