{
    "input1_similarities": 0.6412173509597778,
    "input2_similarities": 0.8689029812812805
}