{
    "input1_similarities": 0.08127622306346893,
    "input2_similarities": 0.7802623510360718
}