{
    "input1_similarities": 0.9258865118026733,
    "input2_similarities": 0.9227132797241211
}