{
    "input1_similarities": 0.9345451593399048,
    "input2_similarities": 0.9340442419052124
}