{
    "input1_similarities": 0.7313375473022461,
    "input2_similarities": 0.7617124319076538
}