{
    "input1_similarities": 0.8590067625045776,
    "input2_similarities": 0.915460467338562
}