{
    "input1_similarities": 0.9394197463989258,
    "input2_similarities": 0.9903128147125244
}