{
    "input1_similarities": 0.7690144777297974,
    "input2_similarities": 0.8775570392608643
}