{
    "input1_similarities": 0.6764882802963257,
    "input2_similarities": 0.7764675617218018
}