{
    "input1_similarities": 0.8484002351760864,
    "input2_similarities": 0.8804422616958618
}