{
    "input1_similarities": 0.5466223955154419,
    "input2_similarities": 0.6553274989128113
}