{
    "input1_similarities": 0.7853763103485107,
    "input2_similarities": 0.7993067502975464
}