{
    "input1_similarities": 0.5381020307540894,
    "input2_similarities": 0.4130496084690094
}