{
    "input1_similarities": 0.765225350856781,
    "input2_similarities": 0.7898598313331604
}