{
    "input1_similarities": 0.6723393201828003,
    "input2_similarities": 0.5585697293281555
}