{
    "input1_similarities": 0.8287897109985352,
    "input2_similarities": 0.9214918613433838
}