{
    "input1_similarities": 0.8524261116981506,
    "input2_similarities": 0.8878167867660522
}