{
    "input1_similarities": 0.8400602340698242,
    "input2_similarities": 0.8735091686248779
}