{
    "input1_similarities": 0.9193774461746216,
    "input2_similarities": 0.9514956474304199
}