{
    "input1_similarities": 0.8917492628097534,
    "input2_similarities": 0.6544902324676514
}