{
    "input1_similarities": 0.8713496923446655,
    "input2_similarities": 0.8995099067687988
}