{
    "input1_similarities": 0.837142825126648,
    "input2_similarities": 0.7609672546386719
}