{
    "input1_similarities": 0.8642587661743164,
    "input2_similarities": 0.9147937297821045
}