{
    "input1_similarities": 0.7841038703918457,
    "input2_similarities": 0.37374770641326904
}