{
    "input1_similarities": 0.7882742881774902,
    "input2_similarities": 0.7179493308067322
}