{
    "input1_similarities": 0.7751153707504272,
    "input2_similarities": 0.7061278820037842
}