{
    "input1_similarities": 0.9185211658477783,
    "input2_similarities": 0.9064412713050842
}