{
    "input1_similarities": 0.8253554701805115,
    "input2_similarities": 0.8416579365730286
}