{
    "input1_similarities": 0.9085087776184082,
    "input2_similarities": 0.9324984550476074
}