{
    "input1_similarities": 0.30758509039878845,
    "input2_similarities": 0.6094057559967041
}