{
    "input1_similarities": 0.521648645401001,
    "input2_similarities": 0.6382701992988586
}