{
    "input1_similarities": 0.8848267793655396,
    "input2_similarities": 0.7885998487472534
}