{
    "input1_similarities": 0.4177896976470947,
    "input2_similarities": 0.5234414339065552
}