{
    "input1_similarities": 0.8476558923721313,
    "input2_similarities": 0.931865930557251
}