{
    "input1_similarities": 0.9149144887924194,
    "input2_similarities": 0.8980425596237183
}