{
    "input1_similarities": 0.8442715406417847,
    "input2_similarities": 0.8537521362304688
}