{
    "input1_similarities": 0.887239933013916,
    "input2_similarities": 0.916260838508606
}