{
    "input1_similarities": 0.9162428975105286,
    "input2_similarities": 0.9261099100112915
}