{
    "input1_similarities": 0.7225506901741028,
    "input2_similarities": 0.6508405208587646
}