{
    "input1_similarities": 0.8900824189186096,
    "input2_similarities": 0.5880045890808105
}