{
    "input1_similarities": 0.93561851978302,
    "input2_similarities": 0.8701784610748291
}