{
    "input1_similarities": 0.9816274642944336,
    "input2_similarities": 0.9843045473098755
}