{
    "input1_similarities": 0.8220458626747131,
    "input2_similarities": 0.7426738142967224
}