{
    "input1_similarities": 0.9979698061943054,
    "input2_similarities": 0.9338482022285461
}