{
    "input1_similarities": 0.893139660358429,
    "input2_similarities": 0.6428269147872925
}