{
    "input1_similarities": 0.8440815210342407,
    "input2_similarities": 0.8131457567214966
}