{
    "input1_similarities": 0.13750454783439636,
    "input2_similarities": 0.13163278996944427
}