{
    "input1_similarities": 0.9120838642120361,
    "input2_similarities": 0.910173773765564
}