{
    "input1_similarities": 0.8448116779327393,
    "input2_similarities": 0.9039125442504883
}