{
    "input1_similarities": 0.9108462929725647,
    "input2_similarities": 0.9008933305740356
}