{
    "input1_similarities": 0.900581419467926,
    "input2_similarities": 0.898233950138092
}