{
    "input1_similarities": 0.8355462551116943,
    "input2_similarities": 0.8283126354217529
}