{
    "input1_similarities": 0.8896441459655762,
    "input2_similarities": 0.9204444885253906
}