{
    "input1_similarities": 0.8347468376159668,
    "input2_similarities": 0.869665265083313
}