{
    "input1_similarities": 0.2761431932449341,
    "input2_similarities": 0.3836852014064789
}