{
    "input1_similarities": 0.8076261281967163,
    "input2_similarities": 0.8207360506057739
}