{
    "input1_similarities": 0.8987798690795898,
    "input2_similarities": 0.8962819576263428
}