{
    "input1_similarities": 0.9462355971336365,
    "input2_similarities": 0.9024512767791748
}