{
    "input1_similarities": 0.8399348855018616,
    "input2_similarities": 0.9401333332061768
}