{
    "input1_similarities": -0.035412780940532684,
    "input2_similarities": 0.021205153316259384
}