{
    "input1_similarities": 0.7101219296455383,
    "input2_similarities": 0.6788825988769531
}