{
    "input1_similarities": 0.8423149585723877,
    "input2_similarities": 0.9026340246200562
}