{
    "input1_similarities": 0.8934053778648376,
    "input2_similarities": 0.8834998607635498
}