{
    "input1_similarities": 0.8883991241455078,
    "input2_similarities": 0.9619696736335754
}