{
    "input1_similarities": 0.8746782541275024,
    "input2_similarities": 0.9326612949371338
}