{
    "input1_similarities": 0.9440923929214478,
    "input2_similarities": 0.9313392639160156
}