{
    "input1_similarities": 0.9103283286094666,
    "input2_similarities": 0.8971132636070251
}