{
    "input1_similarities": 0.586654782295227,
    "input2_similarities": 0.5588579177856445
}