{
    "input1_similarities": 0.6858347654342651,
    "input2_similarities": 0.7799175977706909
}