{
    "input1_similarities": 0.8712642788887024,
    "input2_similarities": 0.860797107219696
}