{
    "input1_similarities": 0.8943569660186768,
    "input2_similarities": 0.928837776184082
}