{
    "input1_similarities": 0.8504210114479065,
    "input2_similarities": 0.7847042679786682
}