{
    "input1_similarities": 0.870813250541687,
    "input2_similarities": 0.928871214389801
}