{
    "input1_similarities": 0.9652557969093323,
    "input2_similarities": 0.9242782592773438
}