{
    "input1_similarities": 0.7065806984901428,
    "input2_similarities": 0.8667784929275513
}