{
    "input1_similarities": 0.8828749060630798,
    "input2_similarities": 0.9103579521179199
}