{
    "input1_similarities": 0.9148547053337097,
    "input2_similarities": 0.7852004170417786
}