{
    "input1_similarities": 0.07633300125598907,
    "input2_similarities": 0.028643302619457245
}