{
    "input1_similarities": 0.8596599102020264,
    "input2_similarities": 0.9694890975952148
}