{
    "input1_similarities": 0.909130334854126,
    "input2_similarities": 0.9409677982330322
}