{
    "input1_similarities": 0.9368113279342651,
    "input2_similarities": 0.9306919574737549
}