{
    "input1_similarities": 0.8708075284957886,
    "input2_similarities": 0.8486462831497192
}