{
    "input1_similarities": 0.9034113883972168,
    "input2_similarities": 0.9407507181167603
}