{
    "input1_similarities": 0.9042877554893494,
    "input2_similarities": 0.9036709070205688
}