{
    "input1_similarities": 0.8075554370880127,
    "input2_similarities": 0.8602177500724792
}