{
    "input1_similarities": 0.985197901725769,
    "input2_similarities": 0.9168849587440491
}