{
    "input1_similarities": 0.5875601768493652,
    "input2_similarities": 0.4969756007194519
}