{
    "input1_similarities": 0.837814450263977,
    "input2_similarities": 0.8699688911437988
}