{
    "input1_similarities": 0.8107599020004272,
    "input2_similarities": 0.8237106800079346
}