{
    "input1_similarities": 0.928301215171814,
    "input2_similarities": 0.9222388863563538
}