{
    "input1_similarities": 0.7617075443267822,
    "input2_similarities": 0.8351833820343018
}