{
    "input1_similarities": 0.3031162619590759,
    "input2_similarities": 0.24658043682575226
}