{
    "input1_similarities": 0.8124052286148071,
    "input2_similarities": 0.8166508674621582
}