{
    "input1_similarities": 0.7531440854072571,
    "input2_similarities": 0.7921639084815979
}