{
    "input1_similarities": 0.7970671057701111,
    "input2_similarities": 0.9707778692245483
}