{
    "input1_similarities": 0.6575470566749573,
    "input2_similarities": 0.7180696725845337
}