{
    "input1_similarities": 0.6997995376586914,
    "input2_similarities": 0.5922687649726868
}