{
    "input1_similarities": 0.862776517868042,
    "input2_similarities": 0.9383288025856018
}