{
    "input1_similarities": 0.7859910130500793,
    "input2_similarities": 0.7174468040466309
}