{
    "input1_similarities": 0.8179396986961365,
    "input2_similarities": 0.8565086126327515
}