{
    "input1_similarities": 0.5595250129699707,
    "input2_similarities": 0.7086202502250671
}