{
    "input1_similarities": 0.47789978981018066,
    "input2_similarities": 0.4359855353832245
}