{
    "input1_similarities": 0.8687604665756226,
    "input2_similarities": 0.946160078048706
}