{
    "input1_similarities": 0.8440131545066833,
    "input2_similarities": 0.8752287030220032
}