{
    "input1_similarities": 0.709464967250824,
    "input2_similarities": 0.6589891314506531
}