{
    "input1_similarities": 0.5335211157798767,
    "input2_similarities": 0.5628888607025146
}