{
    "input1_similarities": 0.6317342519760132,
    "input2_similarities": 0.7416830658912659
}