{
    "input1_similarities": 0.8341536521911621,
    "input2_similarities": 0.8338539004325867
}