{
    "input1_similarities": 0.5249801874160767,
    "input2_similarities": 0.5542169809341431
}