{
    "input1_similarities": 0.9060906171798706,
    "input2_similarities": 0.8752530217170715
}