{
    "input1_similarities": 0.766424298286438,
    "input2_similarities": 0.8969555497169495
}