{
    "input1_similarities": 0.2904514968395233,
    "input2_similarities": 0.20996461808681488
}