{
    "input1_similarities": 0.43890872597694397,
    "input2_similarities": 0.8656492233276367
}