{
    "input1_similarities": 0.10314597934484482,
    "input2_similarities": 0.08918282389640808
}