{
    "input1_similarities": 0.7672388553619385,
    "input2_similarities": 0.6171609163284302
}