{
    "input1_similarities": 0.8708715438842773,
    "input2_similarities": 0.8752771615982056
}