{
    "input1_similarities": 0.9379407167434692,
    "input2_similarities": 0.9243267774581909
}