{
    "input1_similarities": 0.6819748878479004,
    "input2_similarities": 0.8046554327011108
}