{
    "input1_similarities": 0.829572319984436,
    "input2_similarities": 0.840547502040863
}