{
    "input1_similarities": 0.8199601769447327,
    "input2_similarities": 0.7214999198913574
}