{
    "input1_similarities": 0.6550546884536743,
    "input2_similarities": 0.7440556287765503
}