{
    "input1_similarities": 0.13796484470367432,
    "input2_similarities": 0.14840660989284515
}