{
    "input1_similarities": 0.5412166118621826,
    "input2_similarities": 0.4167978763580322
}