{
    "input1_similarities": 0.8746616840362549,
    "input2_similarities": 0.79164719581604
}