{
    "input1_similarities": 0.8026449680328369,
    "input2_similarities": 0.7711212038993835
}