{
    "input1_similarities": 0.4607515335083008,
    "input2_similarities": 0.7402987480163574
}