{
    "input1_similarities": 0.8620731830596924,
    "input2_similarities": 0.7687619924545288
}