{
    "input1_similarities": 0.8067899942398071,
    "input2_similarities": 0.8700416088104248
}