{
    "input1_similarities": 0.9115525484085083,
    "input2_similarities": 0.9201642274856567
}