{
    "input1_similarities": 0.8413270115852356,
    "input2_similarities": 0.6349807977676392
}