{
    "input1_similarities": 0.9242119789123535,
    "input2_similarities": 0.8846398591995239
}