{
    "input1_similarities": 0.4856725335121155,
    "input2_similarities": 0.40304476022720337
}