{
    "input1_similarities": 0.8078502416610718,
    "input2_similarities": 0.8761149644851685
}