{
    "input1_similarities": 0.921236515045166,
    "input2_similarities": 0.9264137744903564
}