{
    "input1_similarities": 0.7879570722579956,
    "input2_similarities": 0.9632294178009033
}