{
    "input1_similarities": 0.8898686170578003,
    "input2_similarities": 0.8979459404945374
}