{
    "input1_similarities": 0.8958562016487122,
    "input2_similarities": 0.8132493495941162
}