{
    "input1_similarities": 0.8897320032119751,
    "input2_similarities": 0.8733398914337158
}