{
    "input1_similarities": 0.6953953504562378,
    "input2_similarities": 0.4243743121623993
}