{
    "input1_similarities": 0.7895601987838745,
    "input2_similarities": 0.7826412916183472
}