{
    "input1_similarities": 0.7642814517021179,
    "input2_similarities": 0.9245052337646484
}