{
    "input1_similarities": 0.6479495763778687,
    "input2_similarities": 0.2472335398197174
}