{
    "input1_similarities": 0.8691613674163818,
    "input2_similarities": 0.8466069102287292
}