{
    "input1_similarities": 0.8579064607620239,
    "input2_similarities": 0.5186916589736938
}