{
    "input1_similarities": 0.8517079949378967,
    "input2_similarities": 0.8514942526817322
}