{
    "input1_similarities": 0.7055608630180359,
    "input2_similarities": 0.5226308107376099
}