{
    "input1_similarities": 0.6421024203300476,
    "input2_similarities": 0.18232956528663635
}