{
    "input1_similarities": 0.582829475402832,
    "input2_similarities": 0.5264477729797363
}