{
    "input1_similarities": 0.6455212831497192,
    "input2_similarities": 0.7207305431365967
}