{
    "input1_similarities": 0.06530708819627762,
    "input2_similarities": 0.07278953492641449
}