{
    "input1_similarities": 0.4620889127254486,
    "input2_similarities": 0.6087101101875305
}