{
    "input1_similarities": 0.8654797077178955,
    "input2_similarities": 0.8306624293327332
}