{
    "input1_similarities": 0.9486023187637329,
    "input2_similarities": 0.9568957090377808
}