{
    "input1_similarities": 0.9625611901283264,
    "input2_similarities": 0.947974443435669
}