{
    "input1_similarities": 0.5945645570755005,
    "input2_similarities": 0.7661567330360413
}