{
    "input1_similarities": 0.943362295627594,
    "input2_similarities": 0.9240295886993408
}