{
    "input1_similarities": 0.8520976901054382,
    "input2_similarities": 0.9344211220741272
}