{
    "input1_similarities": 0.8169112205505371,
    "input2_similarities": 0.8810908198356628
}