{
    "input1_similarities": 0.8467893600463867,
    "input2_similarities": 0.7994909286499023
}