{
    "input1_similarities": 0.35530948638916016,
    "input2_similarities": 0.6320180892944336
}