{
    "input1_similarities": 0.9257615804672241,
    "input2_similarities": 0.9315138459205627
}