{
    "input1_similarities": 0.9402328133583069,
    "input2_similarities": 0.7757876515388489
}