{
    "input1_similarities": 0.8246147036552429,
    "input2_similarities": 0.8176814317703247
}