{
    "input1_similarities": 0.7757201194763184,
    "input2_similarities": 0.8908954858779907
}