{
    "input1_similarities": 0.8727511167526245,
    "input2_similarities": 0.9333375692367554
}