{
    "input1_similarities": 0.2946377098560333,
    "input2_similarities": 0.2943653464317322
}