{
    "input1_similarities": 0.7205815315246582,
    "input2_similarities": 0.769818127155304
}