{
    "input1_similarities": 0.8521042466163635,
    "input2_similarities": 0.9447271823883057
}