{
    "input1_similarities": 0.8817394971847534,
    "input2_similarities": 0.8968098163604736
}