{
    "input1_similarities": 0.9084230065345764,
    "input2_similarities": 0.5644263029098511
}