{
    "input1_similarities": 0.9320075511932373,
    "input2_similarities": 0.9613657593727112
}