{
    "input1_similarities": 0.905293881893158,
    "input2_similarities": 0.9267594814300537
}