{
    "input1_similarities": 0.9469473361968994,
    "input2_similarities": 0.8813684582710266
}