{
    "input1_similarities": 0.7619990706443787,
    "input2_similarities": 0.8967950344085693
}