{
    "input1_similarities": 0.8354541063308716,
    "input2_similarities": 0.5764341354370117
}