{
    "input1_similarities": 0.779059886932373,
    "input2_similarities": 0.776410698890686
}