{
    "input1_similarities": 0.8425625562667847,
    "input2_similarities": 0.7826666831970215
}