{
    "input1_similarities": 0.9210934042930603,
    "input2_similarities": 0.9177993535995483
}