{
    "input1_similarities": 0.729762077331543,
    "input2_similarities": 0.7841769456863403
}