{
    "input1_similarities": 0.9354036450386047,
    "input2_similarities": 0.6936124563217163
}