{
    "input1_similarities": 0.6958653926849365,
    "input2_similarities": 0.5926175117492676
}