{
    "input1_similarities": 0.8317832350730896,
    "input2_similarities": 0.7973191738128662
}