{
    "input1_similarities": 0.7676568031311035,
    "input2_similarities": 0.7760341763496399
}