{
    "input1_similarities": 0.8370313048362732,
    "input2_similarities": 0.8720797300338745
}