{
    "input1_similarities": 0.827866792678833,
    "input2_similarities": 0.8977386951446533
}