{
    "input1_similarities": 0.9200179576873779,
    "input2_similarities": 0.9651973247528076
}