{
    "input1_similarities": 0.9234623908996582,
    "input2_similarities": 0.9224545359611511
}