{
    "input1_similarities": 0.8618060350418091,
    "input2_similarities": 0.9156770706176758
}