{
    "input1_similarities": 0.9086580276489258,
    "input2_similarities": 0.9618003368377686
}