{
    "input1_similarities": 0.867042064666748,
    "input2_similarities": 0.9109465479850769
}