{
    "input1_similarities": 0.9689816236495972,
    "input2_similarities": 0.9448003768920898
}