{
    "input1_similarities": 0.611886739730835,
    "input2_similarities": 0.7755889892578125
}