{
    "input1_similarities": 0.8115694522857666,
    "input2_similarities": 0.7856144309043884
}