{
    "input1_similarities": 0.8556630611419678,
    "input2_similarities": 0.8680626749992371
}