{
    "input1_similarities": 0.8952824473381042,
    "input2_similarities": 0.7134358882904053
}