{
    "input1_similarities": 0.6737116575241089,
    "input2_similarities": 0.45313560962677
}