{
    "input1_similarities": 0.9716908931732178,
    "input2_similarities": 0.9986852407455444
}