{
    "input1_similarities": 0.9627535343170166,
    "input2_similarities": 0.9653415679931641
}