{
    "input1_similarities": 0.43314212560653687,
    "input2_similarities": 0.43345946073532104
}