{
    "input1_similarities": 0.8961178064346313,
    "input2_similarities": 0.9124576449394226
}