{
    "input1_similarities": 0.8363785743713379,
    "input2_similarities": 0.8521759510040283
}