{
    "input1_similarities": 0.8654189109802246,
    "input2_similarities": 0.780685544013977
}