{
    "input1_similarities": 0.6946649551391602,
    "input2_similarities": 0.7402713298797607
}