{
    "input1_similarities": 0.7828699350357056,
    "input2_similarities": 0.6938401460647583
}