{
    "input1_similarities": 0.8942636251449585,
    "input2_similarities": 0.9255656003952026
}