{
    "input1_similarities": 0.9385393261909485,
    "input2_similarities": 0.9477190971374512
}