{
    "input1_similarities": 0.9404952526092529,
    "input2_similarities": 0.9469536542892456
}