{
    "input1_similarities": 0.9660706520080566,
    "input2_similarities": 0.8884798884391785
}