{
    "input1_similarities": 0.7441778779029846,
    "input2_similarities": 0.6313359141349792
}