{
    "input1_similarities": 0.7375583648681641,
    "input2_similarities": 0.8003926873207092
}