{
    "input1_similarities": 0.9718976616859436,
    "input2_similarities": 0.9673551321029663
}