{
    "input1_similarities": 0.8399420976638794,
    "input2_similarities": 0.9412505626678467
}