{
    "input1_similarities": 0.7360361814498901,
    "input2_similarities": 0.6819987297058105
}