{
    "input1_similarities": 0.8124138116836548,
    "input2_similarities": 0.8741046190261841
}