{
    "input1_similarities": 0.6106846332550049,
    "input2_similarities": 0.713796079158783
}