{
    "input1_similarities": 0.8033914566040039,
    "input2_similarities": 0.9224950075149536
}