{
    "input1_similarities": 0.8257348537445068,
    "input2_similarities": 0.8040720820426941
}