{
    "input1_similarities": 0.939808189868927,
    "input2_similarities": 0.8385715484619141
}