{
    "input1_similarities": 0.7863068580627441,
    "input2_similarities": 0.8573681712150574
}