{
    "input1_similarities": 0.33913150429725647,
    "input2_similarities": 0.4790312945842743
}