{
    "input1_similarities": 0.9085294008255005,
    "input2_similarities": 0.7415702939033508
}