{
    "input1_similarities": 0.8868175745010376,
    "input2_similarities": 0.9626029133796692
}