{
    "input1_similarities": 0.8232439756393433,
    "input2_similarities": 0.836487889289856
}