{
    "input1_similarities": 0.9122755527496338,
    "input2_similarities": 0.9415692687034607
}