{
    "input1_similarities": 0.8798859119415283,
    "input2_similarities": 0.8920474052429199
}