{
    "input1_similarities": 0.8235155344009399,
    "input2_similarities": 0.8214321136474609
}