{
    "input1_similarities": 0.9770864844322205,
    "input2_similarities": 0.9694223403930664
}