{
    "input1_similarities": 0.8000459671020508,
    "input2_similarities": 0.8248838782310486
}