{
    "input1_similarities": 0.9415085315704346,
    "input2_similarities": 0.8833937644958496
}