{
    "input1_similarities": 0.8302951455116272,
    "input2_similarities": 0.81696617603302
}