{
    "input1_similarities": 0.9256595969200134,
    "input2_similarities": 0.8993021845817566
}