{
    "input1_similarities": 0.6649691462516785,
    "input2_similarities": 0.5831001996994019
}