{
    "input1_similarities": 0.631927490234375,
    "input2_similarities": 0.8789137601852417
}