{
    "input1_similarities": 0.40039801597595215,
    "input2_similarities": 0.41286176443099976
}