{
    "input1_similarities": 0.45366576313972473,
    "input2_similarities": 0.43854379653930664
}