{
    "input1_similarities": 0.6055620312690735,
    "input2_similarities": 0.8198825120925903
}