{
    "input1_similarities": 0.9037555456161499,
    "input2_similarities": 0.8935258388519287
}