{
    "input1_similarities": 0.9218654632568359,
    "input2_similarities": 0.8302472829818726
}