{
    "input1_similarities": 0.9233416318893433,
    "input2_similarities": 0.9288935661315918
}