{
    "input1_similarities": 0.8585026860237122,
    "input2_similarities": 0.04562941566109657
}