{
    "input1_similarities": 0.6197869181632996,
    "input2_similarities": 0.6883339881896973
}