{
    "input1_similarities": 0.8590035438537598,
    "input2_similarities": 0.8623409867286682
}