{
    "input1_similarities": 0.6002876162528992,
    "input2_similarities": 0.5921879410743713
}