{
    "input1_similarities": 0.6345643997192383,
    "input2_similarities": 0.732606053352356
}