{
    "input1_similarities": 0.9604794979095459,
    "input2_similarities": 0.8916419744491577
}