{
    "input1_similarities": 0.2938346564769745,
    "input2_similarities": 0.23208048939704895
}