{
    "input1_similarities": 0.8220251798629761,
    "input2_similarities": 0.806627631187439
}