{
    "input1_similarities": 0.8463879227638245,
    "input2_similarities": 0.8522070646286011
}