{
    "input1_similarities": 0.849200963973999,
    "input2_similarities": 0.9590452313423157
}