{
    "input1_similarities": 0.842875599861145,
    "input2_similarities": 0.8271146416664124
}