{
    "input1_similarities": 0.7869846820831299,
    "input2_similarities": 0.8168420791625977
}