{
    "input1_similarities": 0.7882440090179443,
    "input2_similarities": 0.9066846966743469
}