{
    "input1_similarities": 0.634774386882782,
    "input2_similarities": 0.17355212569236755
}