{
    "input1_similarities": 0.8583139777183533,
    "input2_similarities": 0.8873955011367798
}