{
    "input1_similarities": 0.9261926412582397,
    "input2_similarities": 0.8470134139060974
}