{
    "input1_similarities": 0.9351208209991455,
    "input2_similarities": 0.9322301149368286
}