{
    "input1_similarities": 0.8782450556755066,
    "input2_similarities": 0.8976741433143616
}