{
    "input1_similarities": 0.7641925811767578,
    "input2_similarities": 0.8237320184707642
}