{
    "input1_similarities": 0.6586766242980957,
    "input2_similarities": 0.6183451414108276
}