{
    "input1_similarities": 0.9859886169433594,
    "input2_similarities": 0.9401214122772217
}