{
    "input1_similarities": 0.9556207656860352,
    "input2_similarities": 0.9194468855857849
}