{
    "input1_similarities": 0.8688985705375671,
    "input2_similarities": 0.8513727784156799
}