{
    "input1_similarities": 0.39028358459472656,
    "input2_similarities": 0.5542192459106445
}