{
    "input1_similarities": 0.8819829225540161,
    "input2_similarities": 0.9216262698173523
}