{
    "input1_similarities": 0.7751465439796448,
    "input2_similarities": 0.8979954719543457
}