{
    "input1_similarities": 0.8458797931671143,
    "input2_similarities": 0.7735878229141235
}