{
    "input1_similarities": 0.04878627881407738,
    "input2_similarities": 0.9504578113555908
}