{
    "input1_similarities": 0.8673954606056213,
    "input2_similarities": 0.9031363725662231
}