{
    "input1_similarities": 0.7485544681549072,
    "input2_similarities": 0.7891716957092285
}