{
    "input1_similarities": 0.8784931898117065,
    "input2_similarities": 0.8810907006263733
}