{
    "input1_similarities": 0.6132972240447998,
    "input2_similarities": 0.6090131998062134
}