{
    "input1_similarities": 0.45409801602363586,
    "input2_similarities": 0.3239672780036926
}