{
    "input1_similarities": 0.9454329013824463,
    "input2_similarities": 0.9268651604652405
}