{
    "input1_similarities": 0.5766382217407227,
    "input2_similarities": 0.7716234922409058
}