{
    "input1_similarities": 0.7739483714103699,
    "input2_similarities": 0.8199433088302612
}