{
    "input1_similarities": 0.8693302869796753,
    "input2_similarities": 0.8502295017242432
}