{
    "input1_similarities": 0.8930995464324951,
    "input2_similarities": 0.9150649309158325
}