{
    "input1_similarities": 0.692926824092865,
    "input2_similarities": 0.6679530143737793
}