{
    "input1_similarities": 0.719719648361206,
    "input2_similarities": 0.742065966129303
}