{
    "input1_similarities": 0.8528145551681519,
    "input2_similarities": 0.8832530975341797
}