{
    "input1_similarities": 0.8910748958587646,
    "input2_similarities": 0.9647610187530518
}