{
    "input1_similarities": 0.7728584408760071,
    "input2_similarities": 0.8385977745056152
}