{
    "input1_similarities": 0.9889164566993713,
    "input2_similarities": 0.9746147394180298
}