{
    "input1_similarities": 0.2918234169483185,
    "input2_similarities": 0.46687689423561096
}