{
    "input1_similarities": 0.875105082988739,
    "input2_similarities": 0.9151821732521057
}