{
    "input1_similarities": 0.3085177540779114,
    "input2_similarities": 0.3017762303352356
}