{
    "input1_similarities": 0.7930230498313904,
    "input2_similarities": 0.7251905202865601
}