{
    "input1_similarities": 0.9377819299697876,
    "input2_similarities": 0.8550714254379272
}