{
    "input1_similarities": 0.5100235939025879,
    "input2_similarities": 0.5461581349372864
}