{
    "input1_similarities": 0.7172703742980957,
    "input2_similarities": 0.7107231020927429
}