{
    "input1_similarities": 0.7346590757369995,
    "input2_similarities": 0.8266515731811523
}