{
    "input1_similarities": 0.9386811256408691,
    "input2_similarities": 0.9426715970039368
}