{
    "input1_similarities": 0.8205978870391846,
    "input2_similarities": 0.7438071370124817
}