{
    "input1_similarities": 0.7790690064430237,
    "input2_similarities": 0.9109706282615662
}