{
    "input1_similarities": 0.5845634937286377,
    "input2_similarities": 0.5801835060119629
}