{
    "input1_similarities": 0.7864526510238647,
    "input2_similarities": 0.7962971925735474
}