{
    "input1_similarities": 0.8573682308197021,
    "input2_similarities": 0.7940443754196167
}