{
    "input1_similarities": 0.9020489454269409,
    "input2_similarities": 0.883503794670105
}