{
    "input1_similarities": 0.9708130359649658,
    "input2_similarities": 0.9413886666297913
}