{
    "input1_similarities": 0.9209238290786743,
    "input2_similarities": 0.847229540348053
}