{
    "input1_similarities": 0.84930419921875,
    "input2_similarities": 0.8583746552467346
}