{
    "input1_similarities": 0.8857213258743286,
    "input2_similarities": 0.9990553855895996
}