{
    "input1_similarities": 0.9451192021369934,
    "input2_similarities": 0.4451104998588562
}