{
    "input1_similarities": 0.6997751593589783,
    "input2_similarities": 0.8603628873825073
}