{
    "input1_similarities": 0.41086506843566895,
    "input2_similarities": 0.423740029335022
}