{
    "input1_similarities": 0.8311442136764526,
    "input2_similarities": 0.7177444696426392
}