{
    "input1_similarities": 0.6217334270477295,
    "input2_similarities": 0.7043061256408691
}