{
    "input1_similarities": 0.5130089521408081,
    "input2_similarities": 0.5054308772087097
}