{
    "input1_similarities": 0.7538224458694458,
    "input2_similarities": 0.8050974011421204
}