{
    "input1_similarities": 0.8311650156974792,
    "input2_similarities": 0.5149784088134766
}