{
    "input1_similarities": 0.9202950596809387,
    "input2_similarities": 0.9370321035385132
}