{
    "input1_similarities": 0.6022844314575195,
    "input2_similarities": 0.5442628860473633
}