{
    "input1_similarities": 0.2171996384859085,
    "input2_similarities": 0.4343210458755493
}