{
    "input1_similarities": 0.8009037971496582,
    "input2_similarities": 0.7751308679580688
}