{
    "input1_similarities": 0.854027509689331,
    "input2_similarities": 0.6753865480422974
}