{
    "input1_similarities": 0.5246119499206543,
    "input2_similarities": 0.489360511302948
}