{
    "input1_similarities": 0.9124916195869446,
    "input2_similarities": 0.8924505710601807
}