{
    "input1_similarities": 0.785085916519165,
    "input2_similarities": 0.7396618127822876
}