{
    "input1_similarities": 0.11926153302192688,
    "input2_similarities": 0.32313773036003113
}