{
    "input1_similarities": 0.9148163199424744,
    "input2_similarities": 0.9656009078025818
}