{
    "input1_similarities": 0.8102126121520996,
    "input2_similarities": 0.8463345766067505
}