{
    "input1_similarities": 0.859750509262085,
    "input2_similarities": 0.7516902685165405
}