{
    "input1_similarities": 0.36904922127723694,
    "input2_similarities": 0.35662099719047546
}