{
    "input1_similarities": 0.7459601163864136,
    "input2_similarities": 0.6611082553863525
}