{
    "input1_similarities": 0.8292204141616821,
    "input2_similarities": 0.9192384481430054
}