{
    "input1_similarities": 0.8065129518508911,
    "input2_similarities": 0.7092016935348511
}