{
    "input1_similarities": 0.8853482007980347,
    "input2_similarities": 0.8510801792144775
}