{
    "input1_similarities": 0.8618407249450684,
    "input2_similarities": 0.9417847990989685
}