{
    "input1_similarities": 0.7760475873947144,
    "input2_similarities": 0.6852788925170898
}