{
    "input1_similarities": 0.9386353492736816,
    "input2_similarities": 0.9364972710609436
}