{
    "input1_similarities": 0.01631513051688671,
    "input2_similarities": 0.2180817723274231
}