{
    "input1_similarities": 0.5218536853790283,
    "input2_similarities": 0.6253965497016907
}