{
    "input1_similarities": 0.9099819660186768,
    "input2_similarities": 0.9462095499038696
}