{
    "input1_similarities": 0.8566089868545532,
    "input2_similarities": 0.8001401424407959
}