{
    "input1_similarities": 0.882760226726532,
    "input2_similarities": 0.9084625244140625
}