{
    "input1_similarities": 0.8087438941001892,
    "input2_similarities": 0.8911673426628113
}