{
    "input1_similarities": 0.32845020294189453,
    "input2_similarities": 0.3146134614944458
}