{
    "input1_similarities": 0.9540770053863525,
    "input2_similarities": 0.8637251853942871
}