{
    "input1_similarities": 0.6407372355461121,
    "input2_similarities": 0.7718263864517212
}