{
    "input1_similarities": 0.9565728902816772,
    "input2_similarities": 0.8941699266433716
}