{
    "input1_similarities": 0.714745044708252,
    "input2_similarities": 0.6643031239509583
}