{
    "input1_similarities": 0.8150920867919922,
    "input2_similarities": 0.3302110433578491
}