{
    "input1_similarities": 0.8328220844268799,
    "input2_similarities": 0.8861770629882812
}