{
    "input1_similarities": 0.9029974937438965,
    "input2_similarities": 0.8887571096420288
}