{
    "input1_similarities": 0.7572993636131287,
    "input2_similarities": 0.848522424697876
}