{
    "input1_similarities": 0.6190728545188904,
    "input2_similarities": 0.6081240177154541
}