{
    "input1_similarities": 0.8618339896202087,
    "input2_similarities": 0.8361438512802124
}