{
    "input1_similarities": 0.8305339217185974,
    "input2_similarities": 0.6832944750785828
}