{
    "input1_similarities": 0.8879004120826721,
    "input2_similarities": 0.8372418880462646
}