{
    "input1_similarities": 0.6667110919952393,
    "input2_similarities": 0.77055823802948
}