{
    "input1_similarities": 0.7191499471664429,
    "input2_similarities": 0.6064722537994385
}