{
    "input1_similarities": 0.5214289426803589,
    "input2_similarities": 0.38099631667137146
}