{
    "input1_similarities": -0.0034187249839305878,
    "input2_similarities": 0.08742006123065948
}