{
    "input1_similarities": 0.9903844594955444,
    "input2_similarities": 0.7873400449752808
}