{
    "input1_similarities": 0.7823755145072937,
    "input2_similarities": 0.7750279903411865
}