{
    "input1_similarities": 0.8525481224060059,
    "input2_similarities": 0.5375255346298218
}