{
    "input1_similarities": 0.935949444770813,
    "input2_similarities": 0.9075213670730591
}