{
    "input1_similarities": 0.8594957590103149,
    "input2_similarities": 0.8857041001319885
}