{
    "input1_similarities": 0.9211577773094177,
    "input2_similarities": 0.8787920475006104
}