{
    "input1_similarities": 0.9397984743118286,
    "input2_similarities": 0.9716940522193909
}