{
    "input1_similarities": 0.05985626205801964,
    "input2_similarities": 0.9180393218994141
}