{
    "input1_similarities": 0.8006546497344971,
    "input2_similarities": 0.961162269115448
}