{
    "input1_similarities": 0.5475301146507263,
    "input2_similarities": 0.8392976522445679
}