{
    "input1_similarities": 0.8974690437316895,
    "input2_similarities": 0.8561809062957764
}