{
    "input1_similarities": 0.7251589298248291,
    "input2_similarities": 0.7341160774230957
}