{
    "input1_similarities": 0.8988006114959717,
    "input2_similarities": 0.8160302042961121
}