{
    "input1_similarities": 0.525368332862854,
    "input2_similarities": 0.16183757781982422
}