{
    "input1_similarities": 0.7396829128265381,
    "input2_similarities": 0.8119585514068604
}