{
    "input1_similarities": 0.7046313285827637,
    "input2_similarities": 0.7543001174926758
}