{
    "input1_similarities": 0.9540665149688721,
    "input2_similarities": 0.9721450805664062
}