{
    "input1_similarities": 0.8652316927909851,
    "input2_similarities": 0.8431206941604614
}