{
    "input1_similarities": 0.7290796637535095,
    "input2_similarities": 0.8475705981254578
}