{
    "input1_similarities": 0.9464824199676514,
    "input2_similarities": 0.9446010589599609
}