{
    "input1_similarities": 0.8956276178359985,
    "input2_similarities": 0.8617134690284729
}