{
    "input1_similarities": 0.8394008874893188,
    "input2_similarities": 0.8980109095573425
}