{
    "input1_similarities": 0.8359193801879883,
    "input2_similarities": 0.8723767995834351
}