{
    "input1_similarities": 0.7556638717651367,
    "input2_similarities": 0.609683096408844
}