{
    "input1_similarities": 0.8480905294418335,
    "input2_similarities": 0.7227002382278442
}