{
    "input1_similarities": 0.8043926954269409,
    "input2_similarities": 0.8724570870399475
}