{
    "input1_similarities": 0.8746194839477539,
    "input2_similarities": 0.921363353729248
}