{
    "input1_similarities": 0.8111639618873596,
    "input2_similarities": 0.879154622554779
}