{
    "input1_similarities": 0.6989182233810425,
    "input2_similarities": 0.7584401369094849
}