{
    "input1_similarities": 0.8739445209503174,
    "input2_similarities": 0.8323807120323181
}